2025/06/25 05:00:06 [INFO] 2025-06-25 05:00:06 - Starting HTTP server at http://localhost:8080 ...
2025/06/25 05:00:06 [INFO] 2025-06-25 05:00:06 - Migrations applied successfully!
2025/06/25 05:00:09 [INFO] 2025-06-25 05:00:09 - Recieved Request for fetching groups
2025/06/25 05:00:09 [INFO] 2025-06-25 05:00:09 - Groups Fetched Successfuly
2025/06/25 05:00:09 [LOG] 2025-06-25 05:00:09 - Invite Request Group to join fetched successfully
2025/06/25 05:00:09 [INFO] 2025-06-25 05:00:09 - Recieved Request for fetching groups
2025/06/25 05:00:09 [INFO] 2025-06-25 05:00:09 - Groups Fetched Successfuly
2025/06/25 05:00:09 [LOG] 2025-06-25 05:00:09 - Invite Request Group to join fetched successfully
2025/06/25 05:00:11 [INFO] 2025-06-25 05:00:11 - Verify-token hit
2025/06/25 05:00:13 [INFO] 2025-06-25 05:00:13 - Verify-token hit
2025/06/25 05:00:15 [LOG] 2025-06-25 05:00:15 - Get request made to GetPostsScroll Handler
2025/06/25 05:00:15 [LOG] 2025-06-25 05:00:15 - Get request made to GetPostsScroll Handler
2025/06/25 05:00:15 [INFO] 2025-06-25 05:00:15 - Posts fetched successfully in GetPostsScroll Handler
2025/06/25 05:00:15 [INFO] 2025-06-25 05:00:15 - Posts fetched successfully in GetPostsScroll Handler
2025/06/25 05:00:16 [INFO] 2025-06-25 05:00:16 - Recieved Request for fetching groups
2025/06/25 05:00:16 [INFO] 2025-06-25 05:00:16 - Groups Fetched Successfuly
2025/06/25 05:00:16 [LOG] 2025-06-25 05:00:16 - Invite Request Group to join fetched successfully
2025/06/25 05:00:16 [INFO] 2025-06-25 05:00:16 - Recieved Request for fetching groups
2025/06/25 05:00:16 [INFO] 2025-06-25 05:00:16 - Groups Fetched Successfuly
2025/06/25 05:00:16 [LOG] 2025-06-25 05:00:16 - Invite Request Group to join fetched successfully
2025/06/25 05:00:17 [INFO] 2025-06-25 05:00:17 - Verify-token hit
2025/06/25 05:01:16 [LOG] 2025-06-25 05:01:16 - Get request made to GetPostsScroll Handler
2025/06/25 05:01:16 [LOG] 2025-06-25 05:01:16 - Get request made to GetPostsScroll Handler
2025/06/25 05:01:16 [INFO] 2025-06-25 05:01:16 - Posts fetched successfully in GetPostsScroll Handler
2025/06/25 05:01:16 [INFO] 2025-06-25 05:01:16 - Posts fetched successfully in GetPostsScroll Handler
2025/06/25 05:01:19 [LOG] 2025-06-25 05:01:19 - Get request made to GetPostsScroll Handler
2025/06/25 05:01:19 [LOG] 2025-06-25 05:01:19 - Get request made to GetPostsScroll Handler
2025/06/25 05:01:19 [INFO] 2025-06-25 05:01:19 - Posts fetched successfully in GetPostsScroll Handler
2025/06/25 05:01:19 [INFO] 2025-06-25 05:01:19 - Posts fetched successfully in GetPostsScroll Handler
2025/06/25 05:01:26 [ERROR] 2025-06-25 05:01:26 - Error preparing statement: database is locked
2025/06/25 05:01:26 [ERROR] 2025-06-25 05:01:26 - Invalid Token in CheckUserExeting Handler: 
2025/06/25 05:01:26 [ERROR] 2025-06-25 05:01:26 - Error preparing statement: database is locked
2025/06/25 05:01:26 [ERROR] 2025-06-25 05:01:26 - Error preparing statement: database is locked
2025/06/25 05:01:26 [ERROR] 2025-06-25 05:01:26 - Error preparing statement: database is locked
2025/06/25 05:01:26 [ERROR] 2025-06-25 05:01:26 - Invalid Token in CheckUserExeting Handler: 
2025/06/25 05:01:26 [ERROR] 2025-06-25 05:01:26 - Invalid Token in CheckUserExeting Handler: 
2025/06/25 05:01:26 [ERROR] 2025-06-25 05:01:26 - Error preparing statement: database is locked
2025/06/25 05:01:26 [ERROR] 2025-06-25 05:01:26 - Invalid Token in CheckUserExeting Handler: 
2025/06/25 05:01:26 [ERROR] 2025-06-25 05:01:26 - Invalid Token in CheckUserExeting Handler: 
2025/06/25 05:01:31 [LOG] 2025-06-25 05:01:31 - Get request made to GetPostsScroll Handler
2025/06/25 05:01:31 [INFO] 2025-06-25 05:01:31 - Posts fetched successfully in GetPostsScroll Handler
2025/06/25 05:01:31 [LOG] 2025-06-25 05:01:31 - Get request made to GetPostsScroll Handler
2025/06/25 05:01:31 [INFO] 2025-06-25 05:01:31 - Posts fetched successfully in GetPostsScroll Handler
2025/06/25 05:01:33 [INFO] 2025-06-25 05:01:33 - Verify-token hit
2025/06/25 05:01:34 [INFO] 2025-06-25 05:01:34 - Recieved Request for fetching groups
2025/06/25 05:01:34 [INFO] 2025-06-25 05:01:34 - Groups Fetched Successfuly
2025/06/25 05:01:34 [LOG] 2025-06-25 05:01:34 - Invite Request Group to join fetched successfully
2025/06/25 05:01:34 [INFO] 2025-06-25 05:01:34 - Recieved Request for fetching groups
2025/06/25 05:01:34 [INFO] 2025-06-25 05:01:34 - Groups Fetched Successfuly
2025/06/25 05:01:34 [LOG] 2025-06-25 05:01:34 - Invite Request Group to join fetched successfully
2025/06/25 05:01:37 [INFO] 2025-06-25 05:01:37 - Verify-token hit
2025/06/25 05:01:43 [INFO] 2025-06-25 05:01:43 - =========== GetOtherUserProfile called ===========
2025/06/25 05:01:43 [INFO] 2025-06-25 05:01:43 - Authenticated user ID: 1a3b436a-e419-43ab-b433-90785a20fcd1
2025/06/25 05:01:43 [INFO] 2025-06-25 05:01:43 - Requested profile for user ID: 1a3b436a-e419-43ab-b433-90785a20fcd1
2025/06/25 05:01:43 [INFO] 2025-06-25 05:01:43 - =========== GetOtherUserProfile called ===========
2025/06/25 05:01:43 [INFO] 2025-06-25 05:01:43 - Authenticated user ID: 1a3b436a-e419-43ab-b433-90785a20fcd1
2025/06/25 05:01:43 [INFO] 2025-06-25 05:01:43 - Requested profile for user ID: 1a3b436a-e419-43ab-b433-90785a20fcd1
2025/06/25 05:01:43 [INFO] 2025-06-25 05:01:43 - User is viewing their own profile
2025/06/25 05:01:43 [INFO] 2025-06-25 05:01:43 - User is viewing their own profile
2025/06/25 05:01:43 [INFO] 2025-06-25 05:01:43 - Profile returned successfully
2025/06/25 05:01:43 [INFO] 2025-06-25 05:01:43 - Profile returned successfully
2025/06/25 05:01:43 [LOG] 2025-06-25 05:01:43 - Get request made to GetPostsScroll Handler
2025/06/25 05:01:43 [LOG] 2025-06-25 05:01:43 - Get request made to GetPostsScroll Handler
2025/06/25 05:01:43 [ERROR] 2025-06-25 05:01:43 - No Posts found in GetPostsScroll Handler: 
2025/06/25 05:01:43 [ERROR] 2025-06-25 05:01:43 - No Posts found in GetPostsScroll Handler: 
2025/06/25 05:03:02 [INFO] 2025-06-25 05:03:02 - Verify-token hit
2025/06/25 05:03:03 [ERROR] 2025-06-25 05:03:03 - Error executing query: sql: no rows in result set
2025/06/25 05:03:03 [ERROR] 2025-06-25 05:03:03 - Invalid Token in CheckUserExeting Handler: 
2025/06/25 05:03:04 [ERROR] 2025-06-25 05:03:04 - Error executing query: sql: no rows in result set
2025/06/25 05:03:04 [ERROR] 2025-06-25 05:03:04 - Invalid Token in CheckUserExeting Handler: 
2025/06/25 05:03:04 [ERROR] 2025-06-25 05:03:04 - Error executing query: sql: no rows in result set
2025/06/25 05:03:04 [ERROR] 2025-06-25 05:03:04 - Invalid Token in CheckUserExeting Handler: 
2025/06/25 05:03:04 [LOG] 2025-06-25 05:03:04 - Get request made to GetPostsScroll Handler
2025/06/25 05:03:04 [INFO] 2025-06-25 05:03:04 - Posts fetched successfully in GetPostsScroll Handler
2025/06/25 05:03:04 [LOG] 2025-06-25 05:03:04 - Get request made to GetPostsScroll Handler
2025/06/25 05:03:04 [INFO] 2025-06-25 05:03:04 - Posts fetched successfully in GetPostsScroll Handler
2025/06/25 05:03:05 [INFO] 2025-06-25 05:03:05 - =========== GetOtherUserProfile called ===========
2025/06/25 05:03:05 [INFO] 2025-06-25 05:03:05 - Authenticated user ID: 1a3b436a-e419-43ab-b433-90785a20fcd1
2025/06/25 05:03:05 [INFO] 2025-06-25 05:03:05 - Requested profile for user ID: 1a3b436a-e419-43ab-b433-90785a20fcd1
2025/06/25 05:03:05 [INFO] 2025-06-25 05:03:05 - User is viewing their own profile
2025/06/25 05:03:05 [INFO] 2025-06-25 05:03:05 - Profile returned successfully
2025/06/25 05:03:05 [INFO] 2025-06-25 05:03:05 - =========== GetOtherUserProfile called ===========
2025/06/25 05:03:05 [INFO] 2025-06-25 05:03:05 - Authenticated user ID: 1a3b436a-e419-43ab-b433-90785a20fcd1
2025/06/25 05:03:05 [INFO] 2025-06-25 05:03:05 - Requested profile for user ID: 1a3b436a-e419-43ab-b433-90785a20fcd1
2025/06/25 05:03:05 [INFO] 2025-06-25 05:03:05 - User is viewing their own profile
2025/06/25 05:03:05 [INFO] 2025-06-25 05:03:05 - Profile returned successfully
2025/06/25 05:03:05 [LOG] 2025-06-25 05:03:05 - Get request made to GetPostsScroll Handler
2025/06/25 05:03:05 [ERROR] 2025-06-25 05:03:05 - No Posts found in GetPostsScroll Handler: 
2025/06/25 05:03:05 [LOG] 2025-06-25 05:03:05 - Get request made to GetPostsScroll Handler
2025/06/25 05:03:05 [ERROR] 2025-06-25 05:03:05 - No Posts found in GetPostsScroll Handler: 
2025/06/25 05:03:08 [INFO] 2025-06-25 05:03:08 - Verify-token hit
2025/06/25 05:03:09 [ERROR] 2025-06-25 05:03:09 - Error executing query: sql: no rows in result set
2025/06/25 05:03:09 [ERROR] 2025-06-25 05:03:09 - Invalid Token in CheckUserExeting Handler: 
2025/06/25 05:03:10 [ERROR] 2025-06-25 05:03:10 - Error executing query: sql: no rows in result set
2025/06/25 05:03:10 [ERROR] 2025-06-25 05:03:10 - Invalid Token in CheckUserExeting Handler: 
2025/06/25 05:03:10 [ERROR] 2025-06-25 05:03:10 - Error executing query: sql: no rows in result set
2025/06/25 05:03:10 [ERROR] 2025-06-25 05:03:10 - Invalid Token in CheckUserExeting Handler: 
2025/06/25 05:03:10 [LOG] 2025-06-25 05:03:10 - Get request made to GetPostsScroll Handler
2025/06/25 05:03:10 [INFO] 2025-06-25 05:03:10 - Posts fetched successfully in GetPostsScroll Handler
2025/06/25 05:03:10 [LOG] 2025-06-25 05:03:10 - Get request made to GetPostsScroll Handler
2025/06/25 05:03:10 [INFO] 2025-06-25 05:03:10 - Posts fetched successfully in GetPostsScroll Handler
2025/06/25 05:03:10 [INFO] 2025-06-25 05:03:10 - =========== GetOtherUserProfile called ===========
2025/06/25 05:03:10 [INFO] 2025-06-25 05:03:10 - Authenticated user ID: 1a3b436a-e419-43ab-b433-90785a20fcd1
2025/06/25 05:03:10 [INFO] 2025-06-25 05:03:10 - Requested profile for user ID: 1a3b436a-e419-43ab-b433-90785a20fcd1
2025/06/25 05:03:10 [INFO] 2025-06-25 05:03:10 - User is viewing their own profile
2025/06/25 05:03:10 [INFO] 2025-06-25 05:03:10 - Profile returned successfully
2025/06/25 05:03:10 [INFO] 2025-06-25 05:03:10 - =========== GetOtherUserProfile called ===========
2025/06/25 05:03:10 [INFO] 2025-06-25 05:03:10 - Authenticated user ID: 1a3b436a-e419-43ab-b433-90785a20fcd1
2025/06/25 05:03:10 [INFO] 2025-06-25 05:03:10 - Requested profile for user ID: 1a3b436a-e419-43ab-b433-90785a20fcd1
2025/06/25 05:03:10 [INFO] 2025-06-25 05:03:10 - User is viewing their own profile
2025/06/25 05:03:10 [INFO] 2025-06-25 05:03:10 - Profile returned successfully
2025/06/25 05:03:11 [LOG] 2025-06-25 05:03:11 - Get request made to GetPostsScroll Handler
2025/06/25 05:03:11 [ERROR] 2025-06-25 05:03:11 - No Posts found in GetPostsScroll Handler: 
2025/06/25 05:03:11 [LOG] 2025-06-25 05:03:11 - Get request made to GetPostsScroll Handler
2025/06/25 05:03:11 [ERROR] 2025-06-25 05:03:11 - No Posts found in GetPostsScroll Handler: 
2025/06/25 05:03:11 [INFO] 2025-06-25 05:03:11 - Verify-token hit
2025/06/25 05:03:13 [ERROR] 2025-06-25 05:03:13 - Error executing query: sql: no rows in result set
2025/06/25 05:03:13 [ERROR] 2025-06-25 05:03:13 - Invalid Token in CheckUserExeting Handler: 
2025/06/25 05:03:13 [ERROR] 2025-06-25 05:03:13 - Error executing query: sql: no rows in result set
2025/06/25 05:03:13 [ERROR] 2025-06-25 05:03:13 - Invalid Token in CheckUserExeting Handler: 
2025/06/25 05:03:13 [ERROR] 2025-06-25 05:03:13 - Error executing query: sql: no rows in result set
2025/06/25 05:03:13 [ERROR] 2025-06-25 05:03:13 - Invalid Token in CheckUserExeting Handler: 
2025/06/25 05:03:13 [LOG] 2025-06-25 05:03:13 - Get request made to GetPostsScroll Handler
2025/06/25 05:03:13 [INFO] 2025-06-25 05:03:13 - Posts fetched successfully in GetPostsScroll Handler
2025/06/25 05:03:13 [LOG] 2025-06-25 05:03:13 - Get request made to GetPostsScroll Handler
2025/06/25 05:03:13 [INFO] 2025-06-25 05:03:13 - Posts fetched successfully in GetPostsScroll Handler
2025/06/25 05:03:13 [INFO] 2025-06-25 05:03:13 - =========== GetOtherUserProfile called ===========
2025/06/25 05:03:13 [INFO] 2025-06-25 05:03:13 - Authenticated user ID: 1a3b436a-e419-43ab-b433-90785a20fcd1
2025/06/25 05:03:13 [INFO] 2025-06-25 05:03:13 - Requested profile for user ID: 1a3b436a-e419-43ab-b433-90785a20fcd1
2025/06/25 05:03:13 [INFO] 2025-06-25 05:03:13 - User is viewing their own profile
2025/06/25 05:03:13 [INFO] 2025-06-25 05:03:13 - Profile returned successfully
2025/06/25 05:03:13 [INFO] 2025-06-25 05:03:13 - =========== GetOtherUserProfile called ===========
2025/06/25 05:03:13 [INFO] 2025-06-25 05:03:13 - Authenticated user ID: 1a3b436a-e419-43ab-b433-90785a20fcd1
2025/06/25 05:03:13 [INFO] 2025-06-25 05:03:13 - Requested profile for user ID: 1a3b436a-e419-43ab-b433-90785a20fcd1
2025/06/25 05:03:13 [INFO] 2025-06-25 05:03:13 - User is viewing their own profile
2025/06/25 05:03:13 [INFO] 2025-06-25 05:03:13 - Profile returned successfully
2025/06/25 05:03:14 [LOG] 2025-06-25 05:03:14 - Get request made to GetPostsScroll Handler
2025/06/25 05:03:14 [ERROR] 2025-06-25 05:03:14 - No Posts found in GetPostsScroll Handler: 
2025/06/25 05:03:14 [LOG] 2025-06-25 05:03:14 - Get request made to GetPostsScroll Handler
2025/06/25 05:03:14 [ERROR] 2025-06-25 05:03:14 - No Posts found in GetPostsScroll Handler: 
2025/06/25 05:03:17 [INFO] 2025-06-25 05:03:17 - Verify-token hit
2025/06/25 05:03:19 [ERROR] 2025-06-25 05:03:19 - Error executing query: sql: no rows in result set
2025/06/25 05:03:19 [ERROR] 2025-06-25 05:03:19 - Invalid Token in CheckUserExeting Handler: 
2025/06/25 05:03:19 [ERROR] 2025-06-25 05:03:19 - Error executing query: sql: no rows in result set
2025/06/25 05:03:19 [ERROR] 2025-06-25 05:03:19 - Invalid Token in CheckUserExeting Handler: 
2025/06/25 05:03:19 [ERROR] 2025-06-25 05:03:19 - Error executing query: sql: no rows in result set
2025/06/25 05:03:19 [ERROR] 2025-06-25 05:03:19 - Invalid Token in CheckUserExeting Handler: 
2025/06/25 05:03:20 [INFO] 2025-06-25 05:03:20 - =========== GetOtherUserProfile called ===========
2025/06/25 05:03:20 [INFO] 2025-06-25 05:03:20 - Authenticated user ID: 1a3b436a-e419-43ab-b433-90785a20fcd1
2025/06/25 05:03:20 [INFO] 2025-06-25 05:03:20 - Requested profile for user ID: 1a3b436a-e419-43ab-b433-90785a20fcd1
2025/06/25 05:03:20 [INFO] 2025-06-25 05:03:20 - User is viewing their own profile
2025/06/25 05:03:20 [INFO] 2025-06-25 05:03:20 - Profile returned successfully
2025/06/25 05:03:20 [INFO] 2025-06-25 05:03:20 - =========== GetOtherUserProfile called ===========
2025/06/25 05:03:20 [INFO] 2025-06-25 05:03:20 - Authenticated user ID: 1a3b436a-e419-43ab-b433-90785a20fcd1
2025/06/25 05:03:20 [INFO] 2025-06-25 05:03:20 - Requested profile for user ID: 1a3b436a-e419-43ab-b433-90785a20fcd1
2025/06/25 05:03:20 [INFO] 2025-06-25 05:03:20 - User is viewing their own profile
2025/06/25 05:03:20 [INFO] 2025-06-25 05:03:20 - Profile returned successfully
2025/06/25 05:03:20 [LOG] 2025-06-25 05:03:20 - Get request made to GetPostsScroll Handler
2025/06/25 05:03:20 [INFO] 2025-06-25 05:03:20 - Posts fetched successfully in GetPostsScroll Handler
2025/06/25 05:03:20 [LOG] 2025-06-25 05:03:20 - Get request made to GetPostsScroll Handler
2025/06/25 05:03:20 [INFO] 2025-06-25 05:03:20 - Posts fetched successfully in GetPostsScroll Handler
2025/06/25 05:03:20 [LOG] 2025-06-25 05:03:20 - Get request made to GetPostsScroll Handler
2025/06/25 05:03:20 [ERROR] 2025-06-25 05:03:20 - No Posts found in GetPostsScroll Handler: 
2025/06/25 05:03:20 [LOG] 2025-06-25 05:03:20 - Get request made to GetPostsScroll Handler
2025/06/25 05:03:20 [ERROR] 2025-06-25 05:03:20 - No Posts found in GetPostsScroll Handler: 
2025/06/25 05:04:14 [INFO] 2025-06-25 05:04:14 - Verify-token hit
2025/06/25 05:04:48 [INFO] 2025-06-25 05:04:48 - Verify-token hit
2025/06/25 05:04:52 [INFO] 2025-06-25 05:04:52 - =========== GetOtherUserProfile called ===========
2025/06/25 05:04:52 [INFO] 2025-06-25 05:04:52 - Authenticated user ID: 1a3b436a-e419-43ab-b433-90785a20fcd1
2025/06/25 05:04:52 [INFO] 2025-06-25 05:04:52 - Requested profile for user ID: 1a3b436a-e419-43ab-b433-90785a20fcd1
2025/06/25 05:04:52 [INFO] 2025-06-25 05:04:52 - =========== GetOtherUserProfile called ===========
2025/06/25 05:04:52 [INFO] 2025-06-25 05:04:52 - Authenticated user ID: 1a3b436a-e419-43ab-b433-90785a20fcd1
2025/06/25 05:04:52 [INFO] 2025-06-25 05:04:52 - Requested profile for user ID: 1a3b436a-e419-43ab-b433-90785a20fcd1
2025/06/25 05:04:52 [INFO] 2025-06-25 05:04:52 - User is viewing their own profile
2025/06/25 05:04:52 [INFO] 2025-06-25 05:04:52 - Profile returned successfully
2025/06/25 05:04:52 [INFO] 2025-06-25 05:04:52 - User is viewing their own profile
2025/06/25 05:04:52 [INFO] 2025-06-25 05:04:52 - Profile returned successfully
2025/06/25 05:04:52 [LOG] 2025-06-25 05:04:52 - Get request made to GetPostsScroll Handler
2025/06/25 05:04:52 [LOG] 2025-06-25 05:04:52 - Get request made to GetPostsScroll Handler
2025/06/25 05:04:52 [ERROR] 2025-06-25 05:04:52 - No Posts found in GetPostsScroll Handler: 
2025/06/25 05:04:52 [ERROR] 2025-06-25 05:04:52 - No Posts found in GetPostsScroll Handler: 
2025/06/25 05:05:09 [INFO] 2025-06-25 05:05:09 - Verify-token hit
2025/06/25 05:05:09 [INFO] 2025-06-25 05:05:09 - =========== GetOtherUserProfile called ===========
2025/06/25 05:05:09 [INFO] 2025-06-25 05:05:09 - Authenticated user ID: 1a3b436a-e419-43ab-b433-90785a20fcd1
2025/06/25 05:05:09 [INFO] 2025-06-25 05:05:09 - Requested profile for user ID: 1a3b436a-e419-43ab-b433-90785a20fcd1
2025/06/25 05:05:09 [INFO] 2025-06-25 05:05:09 - User is viewing their own profile
2025/06/25 05:05:09 [INFO] 2025-06-25 05:05:09 - Profile returned successfully
2025/06/25 05:05:09 [INFO] 2025-06-25 05:05:09 - =========== GetOtherUserProfile called ===========
2025/06/25 05:05:09 [INFO] 2025-06-25 05:05:09 - Authenticated user ID: 1a3b436a-e419-43ab-b433-90785a20fcd1
2025/06/25 05:05:09 [INFO] 2025-06-25 05:05:09 - Requested profile for user ID: 1a3b436a-e419-43ab-b433-90785a20fcd1
2025/06/25 05:05:09 [INFO] 2025-06-25 05:05:09 - User is viewing their own profile
2025/06/25 05:05:09 [INFO] 2025-06-25 05:05:09 - Profile returned successfully
2025/06/25 05:05:09 [LOG] 2025-06-25 05:05:09 - Get request made to GetPostsScroll Handler
2025/06/25 05:05:09 [ERROR] 2025-06-25 05:05:09 - No Posts found in GetPostsScroll Handler: 
2025/06/25 05:05:09 [LOG] 2025-06-25 05:05:09 - Get request made to GetPostsScroll Handler
2025/06/25 05:05:09 [ERROR] 2025-06-25 05:05:09 - No Posts found in GetPostsScroll Handler: 
2025/06/25 05:05:23 [INFO] 2025-06-25 05:05:23 - Verify-token hit
2025/06/25 05:05:23 [INFO] 2025-06-25 05:05:23 - Verify-token hit
2025/06/25 05:05:23 [INFO] 2025-06-25 05:05:23 - Verify-token hit
2025/06/25 05:05:24 [LOG] 2025-06-25 05:05:24 - Get request made to GetPostsScroll Handler
2025/06/25 05:05:24 [INFO] 2025-06-25 05:05:24 - Posts fetched successfully in GetPostsScroll Handler
2025/06/25 05:05:24 [LOG] 2025-06-25 05:05:24 - Get request made to GetPostsScroll Handler
2025/06/25 05:05:24 [INFO] 2025-06-25 05:05:24 - Posts fetched successfully in GetPostsScroll Handler
2025/06/25 05:05:24 [INFO] 2025-06-25 05:05:24 - =========== GetOtherUserProfile called ===========
2025/06/25 05:05:24 [INFO] 2025-06-25 05:05:24 - Authenticated user ID: 1a3b436a-e419-43ab-b433-90785a20fcd1
2025/06/25 05:05:24 [INFO] 2025-06-25 05:05:24 - Requested profile for user ID: 1a3b436a-e419-43ab-b433-90785a20fcd1
2025/06/25 05:05:24 [INFO] 2025-06-25 05:05:24 - User is viewing their own profile
2025/06/25 05:05:24 [INFO] 2025-06-25 05:05:24 - Profile returned successfully
2025/06/25 05:05:24 [INFO] 2025-06-25 05:05:24 - =========== GetOtherUserProfile called ===========
2025/06/25 05:05:24 [INFO] 2025-06-25 05:05:24 - Authenticated user ID: 1a3b436a-e419-43ab-b433-90785a20fcd1
2025/06/25 05:05:24 [INFO] 2025-06-25 05:05:24 - Requested profile for user ID: 1a3b436a-e419-43ab-b433-90785a20fcd1
2025/06/25 05:05:24 [INFO] 2025-06-25 05:05:24 - User is viewing their own profile
2025/06/25 05:05:24 [INFO] 2025-06-25 05:05:24 - Profile returned successfully
2025/06/25 05:05:24 [LOG] 2025-06-25 05:05:24 - Get request made to GetPostsScroll Handler
2025/06/25 05:05:24 [ERROR] 2025-06-25 05:05:24 - No Posts found in GetPostsScroll Handler: 
2025/06/25 05:05:24 [LOG] 2025-06-25 05:05:24 - Get request made to GetPostsScroll Handler
2025/06/25 05:05:24 [ERROR] 2025-06-25 05:05:24 - No Posts found in GetPostsScroll Handler: 
2025/06/25 05:05:54 [INFO] 2025-06-25 05:05:54 - Verify-token hit
2025/06/25 05:05:54 [INFO] 2025-06-25 05:05:54 - Verify-token hit
2025/06/25 05:05:54 [INFO] 2025-06-25 05:05:54 - Verify-token hit
2025/06/25 05:05:55 [LOG] 2025-06-25 05:05:55 - Get request made to GetPostsScroll Handler
2025/06/25 05:05:55 [INFO] 2025-06-25 05:05:55 - Posts fetched successfully in GetPostsScroll Handler
2025/06/25 05:05:55 [LOG] 2025-06-25 05:05:55 - Get request made to GetPostsScroll Handler
2025/06/25 05:05:55 [INFO] 2025-06-25 05:05:55 - Posts fetched successfully in GetPostsScroll Handler
2025/06/25 05:05:55 [INFO] 2025-06-25 05:05:55 - =========== GetOtherUserProfile called ===========
2025/06/25 05:05:55 [INFO] 2025-06-25 05:05:55 - Authenticated user ID: 1a3b436a-e419-43ab-b433-90785a20fcd1
2025/06/25 05:05:55 [INFO] 2025-06-25 05:05:55 - Requested profile for user ID: 1a3b436a-e419-43ab-b433-90785a20fcd1
2025/06/25 05:05:55 [INFO] 2025-06-25 05:05:55 - User is viewing their own profile
2025/06/25 05:05:55 [INFO] 2025-06-25 05:05:55 - Profile returned successfully
2025/06/25 05:05:55 [INFO] 2025-06-25 05:05:55 - =========== GetOtherUserProfile called ===========
2025/06/25 05:05:55 [INFO] 2025-06-25 05:05:55 - Authenticated user ID: 1a3b436a-e419-43ab-b433-90785a20fcd1
2025/06/25 05:05:55 [INFO] 2025-06-25 05:05:55 - Requested profile for user ID: 1a3b436a-e419-43ab-b433-90785a20fcd1
2025/06/25 05:05:55 [INFO] 2025-06-25 05:05:55 - User is viewing their own profile
2025/06/25 05:05:55 [INFO] 2025-06-25 05:05:55 - Profile returned successfully
2025/06/25 05:05:55 [LOG] 2025-06-25 05:05:55 - Get request made to GetPostsScroll Handler
2025/06/25 05:05:55 [ERROR] 2025-06-25 05:05:55 - No Posts found in GetPostsScroll Handler: 
2025/06/25 05:05:55 [LOG] 2025-06-25 05:05:55 - Get request made to GetPostsScroll Handler
2025/06/25 05:05:55 [ERROR] 2025-06-25 05:05:55 - No Posts found in GetPostsScroll Handler: 
2025/06/25 05:06:00 [INFO] 2025-06-25 05:06:00 - Verify-token hit
2025/06/25 05:06:01 [ERROR] 2025-06-25 05:06:01 - Invalid token: Invalid token format
2025/06/25 05:06:01 [LOG] 2025-06-25 05:06:01 - Get request made to GetPostsScroll Handler
2025/06/25 05:06:01 [INFO] 2025-06-25 05:06:01 - Posts fetched successfully in GetPostsScroll Handler
2025/06/25 05:06:01 [LOG] 2025-06-25 05:06:01 - Get request made to GetPostsScroll Handler
2025/06/25 05:06:01 [INFO] 2025-06-25 05:06:01 - Posts fetched successfully in GetPostsScroll Handler
2025/06/25 05:06:01 [ERROR] 2025-06-25 05:06:01 - Invalid token: Invalid token format
2025/06/25 05:06:01 [ERROR] 2025-06-25 05:06:01 - Invalid token: Invalid token format
2025/06/25 05:06:01 [INFO] 2025-06-25 05:06:01 - =========== GetOtherUserProfile called ===========
2025/06/25 05:06:01 [INFO] 2025-06-25 05:06:01 - Authenticated user ID: 1a3b436a-e419-43ab-b433-90785a20fcd1
2025/06/25 05:06:01 [INFO] 2025-06-25 05:06:01 - Requested profile for user ID: 1a3b436a-e419-43ab-b433-90785a20fcd1
2025/06/25 05:06:01 [INFO] 2025-06-25 05:06:01 - User is viewing their own profile
2025/06/25 05:06:01 [INFO] 2025-06-25 05:06:01 - Profile returned successfully
2025/06/25 05:06:01 [INFO] 2025-06-25 05:06:01 - =========== GetOtherUserProfile called ===========
2025/06/25 05:06:01 [INFO] 2025-06-25 05:06:01 - Authenticated user ID: 1a3b436a-e419-43ab-b433-90785a20fcd1
2025/06/25 05:06:01 [INFO] 2025-06-25 05:06:01 - Requested profile for user ID: 1a3b436a-e419-43ab-b433-90785a20fcd1
2025/06/25 05:06:01 [INFO] 2025-06-25 05:06:01 - User is viewing their own profile
2025/06/25 05:06:01 [INFO] 2025-06-25 05:06:01 - Profile returned successfully
2025/06/25 05:06:01 [LOG] 2025-06-25 05:06:01 - Get request made to GetPostsScroll Handler
2025/06/25 05:06:01 [ERROR] 2025-06-25 05:06:01 - No Posts found in GetPostsScroll Handler: 
2025/06/25 05:06:01 [LOG] 2025-06-25 05:06:01 - Get request made to GetPostsScroll Handler
2025/06/25 05:06:01 [ERROR] 2025-06-25 05:06:01 - No Posts found in GetPostsScroll Handler: 
2025/06/25 05:06:01 [ERROR] 2025-06-25 05:06:01 - Invalid token: Invalid token format
2025/06/25 05:06:03 [INFO] 2025-06-25 05:06:03 - Verify-token hit
2025/06/25 05:06:03 [ERROR] 2025-06-25 05:06:03 - Invalid token: Invalid token format
2025/06/25 05:06:03 [INFO] 2025-06-25 05:06:03 - =========== GetOtherUserProfile called ===========
2025/06/25 05:06:03 [INFO] 2025-06-25 05:06:03 - =========== GetOtherUserProfile called ===========
2025/06/25 05:06:03 [INFO] 2025-06-25 05:06:03 - Authenticated user ID: 1a3b436a-e419-43ab-b433-90785a20fcd1
2025/06/25 05:06:03 [INFO] 2025-06-25 05:06:03 - Requested profile for user ID: 1a3b436a-e419-43ab-b433-90785a20fcd1
2025/06/25 05:06:03 [INFO] 2025-06-25 05:06:03 - Authenticated user ID: 1a3b436a-e419-43ab-b433-90785a20fcd1
2025/06/25 05:06:03 [INFO] 2025-06-25 05:06:03 - Requested profile for user ID: 1a3b436a-e419-43ab-b433-90785a20fcd1
2025/06/25 05:06:03 [INFO] 2025-06-25 05:06:03 - User is viewing their own profile
2025/06/25 05:06:03 [INFO] 2025-06-25 05:06:03 - Profile returned successfully
2025/06/25 05:06:03 [INFO] 2025-06-25 05:06:03 - User is viewing their own profile
2025/06/25 05:06:03 [INFO] 2025-06-25 05:06:03 - Profile returned successfully
2025/06/25 05:06:03 [LOG] 2025-06-25 05:06:03 - Get request made to GetPostsScroll Handler
2025/06/25 05:06:03 [ERROR] 2025-06-25 05:06:03 - No Posts found in GetPostsScroll Handler: 
2025/06/25 05:06:03 [LOG] 2025-06-25 05:06:03 - Get request made to GetPostsScroll Handler
2025/06/25 05:06:03 [ERROR] 2025-06-25 05:06:03 - No Posts found in GetPostsScroll Handler: 
2025/06/25 05:06:26 [INFO] 2025-06-25 05:06:26 - Verify-token hit
2025/06/25 05:06:28 [INFO] 2025-06-25 05:06:28 - Verify-token hit
2025/06/25 05:06:30 [INFO] 2025-06-25 05:06:30 - Verify-token hit
2025/06/25 05:06:31 [INFO] 2025-06-25 05:06:31 - Verify-token hit
2025/06/25 05:06:31 [ERROR] 2025-06-25 05:06:31 - Error preparing statement: database is locked
2025/06/25 05:06:31 [INFO] 2025-06-25 05:06:31 - Verify-token hit
2025/06/25 05:06:32 [INFO] 2025-06-25 05:06:32 - Verify-token hit
2025/06/25 05:06:32 [LOG] 2025-06-25 05:06:32 - Get request made to GetPostsScroll Handler
2025/06/25 05:06:32 [INFO] 2025-06-25 05:06:32 - Posts fetched successfully in GetPostsScroll Handler
2025/06/25 05:06:32 [LOG] 2025-06-25 05:06:32 - Get request made to GetPostsScroll Handler
2025/06/25 05:06:32 [INFO] 2025-06-25 05:06:32 - Posts fetched successfully in GetPostsScroll Handler
2025/06/25 05:06:34 [INFO] 2025-06-25 05:06:34 - Verify-token hit
2025/06/25 05:06:38 [INFO] 2025-06-25 05:06:38 - Verify-token hit
2025/06/25 05:06:38 [INFO] 2025-06-25 05:06:38 - =========== GetOtherUserProfile called ===========
2025/06/25 05:06:38 [INFO] 2025-06-25 05:06:38 - Authenticated user ID: 1a3b436a-e419-43ab-b433-90785a20fcd1
2025/06/25 05:06:38 [INFO] 2025-06-25 05:06:38 - =========== GetOtherUserProfile called ===========
2025/06/25 05:06:38 [INFO] 2025-06-25 05:06:38 - Requested profile for user ID: 1a3b436a-e419-43ab-b433-90785a20fcd1
2025/06/25 05:06:38 [INFO] 2025-06-25 05:06:38 - Authenticated user ID: 1a3b436a-e419-43ab-b433-90785a20fcd1
2025/06/25 05:06:38 [INFO] 2025-06-25 05:06:38 - Requested profile for user ID: 1a3b436a-e419-43ab-b433-90785a20fcd1
2025/06/25 05:06:38 [INFO] 2025-06-25 05:06:38 - User is viewing their own profile
2025/06/25 05:06:38 [INFO] 2025-06-25 05:06:38 - User is viewing their own profile
2025/06/25 05:06:38 [INFO] 2025-06-25 05:06:38 - Profile returned successfully
2025/06/25 05:06:38 [INFO] 2025-06-25 05:06:38 - Profile returned successfully
2025/06/25 05:06:39 [LOG] 2025-06-25 05:06:39 - Get request made to GetPostsScroll Handler
2025/06/25 05:06:39 [ERROR] 2025-06-25 05:06:39 - No Posts found in GetPostsScroll Handler: 
2025/06/25 05:06:39 [LOG] 2025-06-25 05:06:39 - Get request made to GetPostsScroll Handler
2025/06/25 05:06:39 [ERROR] 2025-06-25 05:06:39 - No Posts found in GetPostsScroll Handler: 
2025/06/25 05:06:48 [INFO] 2025-06-25 05:06:48 - Verify-token hit
2025/06/25 05:06:49 [ERROR] 2025-06-25 05:06:49 - Invalid token: Invalid token format
2025/06/25 05:06:49 [ERROR] 2025-06-25 05:06:49 - Invalid token: Invalid token format
2025/06/25 05:06:49 [INFO] 2025-06-25 05:06:49 - =========== GetOtherUserProfile called ===========
2025/06/25 05:06:49 [INFO] 2025-06-25 05:06:49 - Authenticated user ID: 1a3b436a-e419-43ab-b433-90785a20fcd1
2025/06/25 05:06:49 [INFO] 2025-06-25 05:06:49 - Requested profile for user ID: 1a3b436a-e419-43ab-b433-90785a20fcd1
2025/06/25 05:06:49 [INFO] 2025-06-25 05:06:49 - User is viewing their own profile
2025/06/25 05:06:49 [INFO] 2025-06-25 05:06:49 - Profile returned successfully
2025/06/25 05:06:49 [INFO] 2025-06-25 05:06:49 - =========== GetOtherUserProfile called ===========
2025/06/25 05:06:49 [INFO] 2025-06-25 05:06:49 - Authenticated user ID: 1a3b436a-e419-43ab-b433-90785a20fcd1
2025/06/25 05:06:49 [INFO] 2025-06-25 05:06:49 - Requested profile for user ID: 1a3b436a-e419-43ab-b433-90785a20fcd1
2025/06/25 05:06:49 [INFO] 2025-06-25 05:06:49 - User is viewing their own profile
2025/06/25 05:06:49 [INFO] 2025-06-25 05:06:49 - Profile returned successfully
2025/06/25 05:06:49 [LOG] 2025-06-25 05:06:49 - Get request made to GetPostsScroll Handler
2025/06/25 05:06:49 [ERROR] 2025-06-25 05:06:49 - No Posts found in GetPostsScroll Handler: 
2025/06/25 05:06:49 [LOG] 2025-06-25 05:06:49 - Get request made to GetPostsScroll Handler
2025/06/25 05:06:49 [ERROR] 2025-06-25 05:06:49 - No Posts found in GetPostsScroll Handler: 
2025/06/25 05:07:58 [INFO] 2025-06-25 05:07:58 - Starting HTTP server at http://localhost:8080 ...
2025/06/25 05:07:58 [INFO] 2025-06-25 05:07:58 - Migrations applied successfully!
2025/06/25 05:08:00 [INFO] 2025-06-25 05:08:00 - Verify-token hit
2025/06/25 05:08:01 [INFO] 2025-06-25 05:08:01 - =========== GetOtherUserProfile called ===========
2025/06/25 05:08:01 [INFO] 2025-06-25 05:08:01 - =========== GetOtherUserProfile called ===========
2025/06/25 05:08:01 [INFO] 2025-06-25 05:08:01 - Authenticated user ID: 1a3b436a-e419-43ab-b433-90785a20fcd1
2025/06/25 05:08:01 [INFO] 2025-06-25 05:08:01 - Authenticated user ID: 1a3b436a-e419-43ab-b433-90785a20fcd1
2025/06/25 05:08:01 [INFO] 2025-06-25 05:08:01 - Requested profile for user ID: 1a3b436a-e419-43ab-b433-90785a20fcd1
2025/06/25 05:08:01 [INFO] 2025-06-25 05:08:01 - Requested profile for user ID: 1a3b436a-e419-43ab-b433-90785a20fcd1
2025/06/25 05:08:01 [INFO] 2025-06-25 05:08:01 - User is viewing their own profile
2025/06/25 05:08:01 [INFO] 2025-06-25 05:08:01 - User is viewing their own profile
2025/06/25 05:08:01 [INFO] 2025-06-25 05:08:01 - Profile returned successfully
2025/06/25 05:08:01 [INFO] 2025-06-25 05:08:01 - Profile returned successfully
2025/06/25 05:08:01 [LOG] 2025-06-25 05:08:01 - Get request made to GetPostsScroll Handler
2025/06/25 05:08:01 [ERROR] 2025-06-25 05:08:01 - No Posts found in GetPostsScroll Handler: 
2025/06/25 05:08:01 [LOG] 2025-06-25 05:08:01 - Get request made to GetPostsScroll Handler
2025/06/25 05:08:01 [ERROR] 2025-06-25 05:08:01 - No Posts found in GetPostsScroll Handler: 
2025/06/25 05:08:47 [INFO] 2025-06-25 05:08:47 - Starting HTTP server at http://localhost:8080 ...
2025/06/25 05:08:47 [INFO] 2025-06-25 05:08:47 - Migrations applied successfully!
2025/06/25 05:08:52 [INFO] 2025-06-25 05:08:52 - Verify-token hit
2025/06/25 05:08:52 [INFO] 2025-06-25 05:08:52 - =========== GetOtherUserProfile called ===========
2025/06/25 05:08:52 [INFO] 2025-06-25 05:08:52 - Authenticated user ID: 1a3b436a-e419-43ab-b433-90785a20fcd1
2025/06/25 05:08:52 [INFO] 2025-06-25 05:08:52 - Requested profile for user ID: 1a3b436a-e419-43ab-b433-90785a20fcd1
2025/06/25 05:08:52 [INFO] 2025-06-25 05:08:52 - User is viewing their own profile
2025/06/25 05:08:52 [INFO] 2025-06-25 05:08:52 - Profile returned successfully
2025/06/25 05:08:52 [INFO] 2025-06-25 05:08:52 - =========== GetOtherUserProfile called ===========
2025/06/25 05:08:52 [INFO] 2025-06-25 05:08:52 - Authenticated user ID: 1a3b436a-e419-43ab-b433-90785a20fcd1
2025/06/25 05:08:52 [INFO] 2025-06-25 05:08:52 - Requested profile for user ID: 1a3b436a-e419-43ab-b433-90785a20fcd1
2025/06/25 05:08:52 [INFO] 2025-06-25 05:08:52 - User is viewing their own profile
2025/06/25 05:08:52 [INFO] 2025-06-25 05:08:52 - Profile returned successfully
2025/06/25 05:08:52 [LOG] 2025-06-25 05:08:52 - Get request made to GetPostsScroll Handler
2025/06/25 05:08:52 [ERROR] 2025-06-25 05:08:52 - No Posts found in GetPostsScroll Handler: 
2025/06/25 05:08:52 [LOG] 2025-06-25 05:08:52 - Get request made to GetPostsScroll Handler
2025/06/25 05:08:52 [ERROR] 2025-06-25 05:08:52 - No Posts found in GetPostsScroll Handler: 
2025/06/25 05:08:58 [INFO] 2025-06-25 05:08:58 - Verify-token hit
2025/06/25 05:08:58 [INFO] 2025-06-25 05:08:58 - =========== GetOtherUserProfile called ===========
2025/06/25 05:08:58 [INFO] 2025-06-25 05:08:58 - Authenticated user ID: 1a3b436a-e419-43ab-b433-90785a20fcd1
2025/06/25 05:08:58 [INFO] 2025-06-25 05:08:58 - Requested profile for user ID: 1a3b436a-e419-43ab-b433-90785a20fcd1
2025/06/25 05:08:58 [INFO] 2025-06-25 05:08:58 - User is viewing their own profile
2025/06/25 05:08:58 [INFO] 2025-06-25 05:08:58 - Profile returned successfully
2025/06/25 05:08:58 [INFO] 2025-06-25 05:08:58 - =========== GetOtherUserProfile called ===========
2025/06/25 05:08:58 [INFO] 2025-06-25 05:08:58 - Authenticated user ID: 1a3b436a-e419-43ab-b433-90785a20fcd1
2025/06/25 05:08:58 [INFO] 2025-06-25 05:08:58 - Requested profile for user ID: 1a3b436a-e419-43ab-b433-90785a20fcd1
2025/06/25 05:08:58 [INFO] 2025-06-25 05:08:58 - User is viewing their own profile
2025/06/25 05:08:58 [INFO] 2025-06-25 05:08:58 - Profile returned successfully
2025/06/25 05:08:58 [LOG] 2025-06-25 05:08:58 - Get request made to GetPostsScroll Handler
2025/06/25 05:08:58 [ERROR] 2025-06-25 05:08:58 - No Posts found in GetPostsScroll Handler: 
2025/06/25 05:08:58 [LOG] 2025-06-25 05:08:58 - Get request made to GetPostsScroll Handler
2025/06/25 05:08:58 [ERROR] 2025-06-25 05:08:58 - No Posts found in GetPostsScroll Handler: 
2025/06/25 05:09:26 [INFO] 2025-06-25 05:09:26 - Verify-token hit
2025/06/25 05:09:30 [INFO] 2025-06-25 05:09:30 - Verify-token hit
2025/06/25 05:09:42 [INFO] 2025-06-25 05:09:42 - Verify-token hit
2025/06/25 05:09:43 [LOG] 2025-06-25 05:09:43 - Get request made to GetPostsScroll Handler
2025/06/25 05:09:43 [INFO] 2025-06-25 05:09:43 - Posts fetched successfully in GetPostsScroll Handler
2025/06/25 05:09:43 [LOG] 2025-06-25 05:09:43 - Get request made to GetPostsScroll Handler
2025/06/25 05:09:43 [INFO] 2025-06-25 05:09:43 - Posts fetched successfully in GetPostsScroll Handler
2025/06/25 05:09:43 [INFO] 2025-06-25 05:09:43 - =========== GetOtherUserProfile called ===========
2025/06/25 05:09:43 [INFO] 2025-06-25 05:09:43 - Authenticated user ID: 1a3b436a-e419-43ab-b433-90785a20fcd1
2025/06/25 05:09:43 [INFO] 2025-06-25 05:09:43 - Requested profile for user ID: 1a3b436a-e419-43ab-b433-90785a20fcd1
2025/06/25 05:09:43 [INFO] 2025-06-25 05:09:43 - User is viewing their own profile
2025/06/25 05:09:43 [INFO] 2025-06-25 05:09:43 - Profile returned successfully
2025/06/25 05:09:43 [INFO] 2025-06-25 05:09:43 - =========== GetOtherUserProfile called ===========
2025/06/25 05:09:43 [INFO] 2025-06-25 05:09:43 - Authenticated user ID: 1a3b436a-e419-43ab-b433-90785a20fcd1
2025/06/25 05:09:43 [INFO] 2025-06-25 05:09:43 - Requested profile for user ID: 1a3b436a-e419-43ab-b433-90785a20fcd1
2025/06/25 05:09:43 [INFO] 2025-06-25 05:09:43 - User is viewing their own profile
2025/06/25 05:09:43 [INFO] 2025-06-25 05:09:43 - Profile returned successfully
2025/06/25 05:09:43 [LOG] 2025-06-25 05:09:43 - Get request made to GetPostsScroll Handler
2025/06/25 05:09:43 [ERROR] 2025-06-25 05:09:43 - No Posts found in GetPostsScroll Handler: 
2025/06/25 05:09:43 [LOG] 2025-06-25 05:09:43 - Get request made to GetPostsScroll Handler
2025/06/25 05:09:43 [ERROR] 2025-06-25 05:09:43 - No Posts found in GetPostsScroll Handler: 
2025/06/25 05:09:46 [INFO] 2025-06-25 05:09:46 - Verify-token hit
2025/06/25 05:09:46 [INFO] 2025-06-25 05:09:46 - =========== GetOtherUserProfile called ===========
2025/06/25 05:09:46 [INFO] 2025-06-25 05:09:46 - Authenticated user ID: 1a3b436a-e419-43ab-b433-90785a20fcd1
2025/06/25 05:09:46 [INFO] 2025-06-25 05:09:46 - Requested profile for user ID: 1a3b436a-e419-43ab-b433-90785a20fcd1
2025/06/25 05:09:46 [INFO] 2025-06-25 05:09:46 - User is viewing their own profile
2025/06/25 05:09:46 [INFO] 2025-06-25 05:09:46 - Profile returned successfully
2025/06/25 05:09:46 [INFO] 2025-06-25 05:09:46 - =========== GetOtherUserProfile called ===========
2025/06/25 05:09:46 [INFO] 2025-06-25 05:09:46 - Authenticated user ID: 1a3b436a-e419-43ab-b433-90785a20fcd1
2025/06/25 05:09:46 [INFO] 2025-06-25 05:09:46 - Requested profile for user ID: 1a3b436a-e419-43ab-b433-90785a20fcd1
2025/06/25 05:09:46 [INFO] 2025-06-25 05:09:46 - User is viewing their own profile
2025/06/25 05:09:46 [INFO] 2025-06-25 05:09:46 - Profile returned successfully
2025/06/25 05:09:46 [LOG] 2025-06-25 05:09:46 - Get request made to GetPostsScroll Handler
2025/06/25 05:09:46 [LOG] 2025-06-25 05:09:46 - Get request made to GetPostsScroll Handler
2025/06/25 05:09:46 [ERROR] 2025-06-25 05:09:46 - No Posts found in GetPostsScroll Handler: 
2025/06/25 05:09:46 [ERROR] 2025-06-25 05:09:46 - No Posts found in GetPostsScroll Handler: 
2025/06/25 05:09:49 [INFO] 2025-06-25 05:09:49 - Verify-token hit
2025/06/25 05:09:52 [INFO] 2025-06-25 05:09:52 - Verify-token hit
2025/06/25 05:09:54 [INFO] 2025-06-25 05:09:54 - Verify-token hit
2025/06/25 05:09:55 [LOG] 2025-06-25 05:09:55 - Get request made to GetPostsScroll Handler
2025/06/25 05:09:55 [INFO] 2025-06-25 05:09:55 - Posts fetched successfully in GetPostsScroll Handler
2025/06/25 05:09:55 [LOG] 2025-06-25 05:09:55 - Get request made to GetPostsScroll Handler
2025/06/25 05:09:55 [INFO] 2025-06-25 05:09:55 - Posts fetched successfully in GetPostsScroll Handler
2025/06/25 05:10:01 [LOG] 2025-06-25 05:10:01 - Get request made to GetPostsScroll Handler
2025/06/25 05:10:01 [INFO] 2025-06-25 05:10:01 - Posts fetched successfully in GetPostsScroll Handler
2025/06/25 05:10:01 [LOG] 2025-06-25 05:10:01 - Get request made to GetPostsScroll Handler
2025/06/25 05:10:01 [INFO] 2025-06-25 05:10:01 - Posts fetched successfully in GetPostsScroll Handler
2025/06/25 05:10:02 [LOG] 2025-06-25 05:10:02 - Get request made to GetPostsScroll Handler
2025/06/25 05:10:02 [INFO] 2025-06-25 05:10:02 - Posts fetched successfully in GetPostsScroll Handler
2025/06/25 05:10:02 [LOG] 2025-06-25 05:10:02 - Get request made to GetPostsScroll Handler
2025/06/25 05:10:02 [INFO] 2025-06-25 05:10:02 - Posts fetched successfully in GetPostsScroll Handler
2025/06/25 05:10:03 [LOG] 2025-06-25 05:10:03 - Get request made to GetPostsScroll Handler
2025/06/25 05:10:03 [LOG] 2025-06-25 05:10:03 - Get request made to GetPostsScroll Handler
2025/06/25 05:10:03 [INFO] 2025-06-25 05:10:03 - Posts fetched successfully in GetPostsScroll Handler
2025/06/25 05:10:03 [INFO] 2025-06-25 05:10:03 - Posts fetched successfully in GetPostsScroll Handler
2025/06/25 05:10:04 [LOG] 2025-06-25 05:10:04 - Get request made to GetPostsScroll Handler
2025/06/25 05:10:04 [INFO] 2025-06-25 05:10:04 - Posts fetched successfully in GetPostsScroll Handler
2025/06/25 05:10:04 [LOG] 2025-06-25 05:10:04 - Get request made to GetPostsScroll Handler
2025/06/25 05:10:04 [INFO] 2025-06-25 05:10:04 - Posts fetched successfully in GetPostsScroll Handler
2025/06/25 05:10:05 [LOG] 2025-06-25 05:10:05 - Get request made to GetPostsScroll Handler
2025/06/25 05:10:05 [INFO] 2025-06-25 05:10:05 - Posts fetched successfully in GetPostsScroll Handler
2025/06/25 05:10:05 [LOG] 2025-06-25 05:10:05 - Get request made to GetPostsScroll Handler
2025/06/25 05:10:05 [INFO] 2025-06-25 05:10:05 - Posts fetched successfully in GetPostsScroll Handler
2025/06/25 05:10:05 [LOG] 2025-06-25 05:10:05 - Get request made to GetPostsScroll Handler
2025/06/25 05:10:05 [INFO] 2025-06-25 05:10:05 - Posts fetched successfully in GetPostsScroll Handler
2025/06/25 05:10:05 [LOG] 2025-06-25 05:10:05 - Get request made to GetPostsScroll Handler
2025/06/25 05:10:05 [INFO] 2025-06-25 05:10:05 - Posts fetched successfully in GetPostsScroll Handler
2025/06/25 05:10:06 [LOG] 2025-06-25 05:10:06 - Get request made to GetPostsScroll Handler
2025/06/25 05:10:06 [INFO] 2025-06-25 05:10:06 - Posts fetched successfully in GetPostsScroll Handler
2025/06/25 05:10:06 [LOG] 2025-06-25 05:10:06 - Get request made to GetPostsScroll Handler
2025/06/25 05:10:06 [INFO] 2025-06-25 05:10:06 - Posts fetched successfully in GetPostsScroll Handler
2025/06/25 05:10:07 [LOG] 2025-06-25 05:10:07 - Get request made to GetPostsScroll Handler
2025/06/25 05:10:07 [INFO] 2025-06-25 05:10:07 - Posts fetched successfully in GetPostsScroll Handler
2025/06/25 05:10:07 [LOG] 2025-06-25 05:10:07 - Get request made to GetPostsScroll Handler
2025/06/25 05:10:07 [INFO] 2025-06-25 05:10:07 - Posts fetched successfully in GetPostsScroll Handler
2025/06/25 05:10:08 [LOG] 2025-06-25 05:10:08 - Get request made to GetPostsScroll Handler
2025/06/25 05:10:08 [INFO] 2025-06-25 05:10:08 - Posts fetched successfully in GetPostsScroll Handler
2025/06/25 05:10:08 [LOG] 2025-06-25 05:10:08 - Get request made to GetPostsScroll Handler
2025/06/25 05:10:08 [INFO] 2025-06-25 05:10:08 - Posts fetched successfully in GetPostsScroll Handler
2025/06/25 05:10:09 [LOG] 2025-06-25 05:10:09 - Get request made to GetPostsScroll Handler
2025/06/25 05:10:09 [INFO] 2025-06-25 05:10:09 - Posts fetched successfully in GetPostsScroll Handler
2025/06/25 05:10:09 [LOG] 2025-06-25 05:10:09 - Get request made to GetPostsScroll Handler
2025/06/25 05:10:09 [INFO] 2025-06-25 05:10:09 - Posts fetched successfully in GetPostsScroll Handler
2025/06/25 05:10:10 [LOG] 2025-06-25 05:10:10 - Get request made to GetPostsScroll Handler
2025/06/25 05:10:10 [INFO] 2025-06-25 05:10:10 - Posts fetched successfully in GetPostsScroll Handler
2025/06/25 05:10:10 [LOG] 2025-06-25 05:10:10 - Get request made to GetPostsScroll Handler
2025/06/25 05:10:10 [INFO] 2025-06-25 05:10:10 - Posts fetched successfully in GetPostsScroll Handler
2025/06/25 05:10:11 [LOG] 2025-06-25 05:10:11 - Get request made to GetPostsScroll Handler
2025/06/25 05:10:11 [LOG] 2025-06-25 05:10:11 - Get request made to GetPostsScroll Handler
2025/06/25 05:10:11 [INFO] 2025-06-25 05:10:11 - Posts fetched successfully in GetPostsScroll Handler
2025/06/25 05:10:11 [INFO] 2025-06-25 05:10:11 - Posts fetched successfully in GetPostsScroll Handler
2025/06/25 05:10:12 [LOG] 2025-06-25 05:10:12 - Get request made to GetPostsScroll Handler
2025/06/25 05:10:12 [INFO] 2025-06-25 05:10:12 - Posts fetched successfully in GetPostsScroll Handler
2025/06/25 05:10:12 [LOG] 2025-06-25 05:10:12 - Get request made to GetPostsScroll Handler
2025/06/25 05:10:12 [INFO] 2025-06-25 05:10:12 - Posts fetched successfully in GetPostsScroll Handler
2025/06/25 05:10:13 [LOG] 2025-06-25 05:10:13 - Get request made to GetPostsScroll Handler
2025/06/25 05:10:13 [INFO] 2025-06-25 05:10:13 - Posts fetched successfully in GetPostsScroll Handler
2025/06/25 05:10:13 [LOG] 2025-06-25 05:10:13 - Get request made to GetPostsScroll Handler
2025/06/25 05:10:13 [INFO] 2025-06-25 05:10:13 - Posts fetched successfully in GetPostsScroll Handler
2025/06/25 05:10:14 [LOG] 2025-06-25 05:10:14 - Get request made to GetPostsScroll Handler
2025/06/25 05:10:14 [LOG] 2025-06-25 05:10:14 - Get request made to GetPostsScroll Handler
2025/06/25 05:10:14 [INFO] 2025-06-25 05:10:14 - Posts fetched successfully in GetPostsScroll Handler
2025/06/25 05:10:14 [INFO] 2025-06-25 05:10:14 - Posts fetched successfully in GetPostsScroll Handler
2025/06/25 05:10:15 [LOG] 2025-06-25 05:10:15 - Get request made to GetPostsScroll Handler
2025/06/25 05:10:15 [INFO] 2025-06-25 05:10:15 - Posts fetched successfully in GetPostsScroll Handler
2025/06/25 05:10:15 [LOG] 2025-06-25 05:10:15 - Get request made to GetPostsScroll Handler
2025/06/25 05:10:15 [INFO] 2025-06-25 05:10:15 - Posts fetched successfully in GetPostsScroll Handler
2025/06/25 05:10:15 [LOG] 2025-06-25 05:10:15 - Get request made to GetPostsScroll Handler
2025/06/25 05:10:15 [INFO] 2025-06-25 05:10:15 - Posts fetched successfully in GetPostsScroll Handler
2025/06/25 05:10:15 [LOG] 2025-06-25 05:10:15 - Get request made to GetPostsScroll Handler
2025/06/25 05:10:15 [INFO] 2025-06-25 05:10:15 - Posts fetched successfully in GetPostsScroll Handler
2025/06/25 05:10:16 [LOG] 2025-06-25 05:10:16 - Get request made to GetPostsScroll Handler
2025/06/25 05:10:16 [INFO] 2025-06-25 05:10:16 - Posts fetched successfully in GetPostsScroll Handler
2025/06/25 05:10:16 [LOG] 2025-06-25 05:10:16 - Get request made to GetPostsScroll Handler
2025/06/25 05:10:16 [INFO] 2025-06-25 05:10:16 - Posts fetched successfully in GetPostsScroll Handler
2025/06/25 05:10:17 [LOG] 2025-06-25 05:10:17 - Get request made to GetPostsScroll Handler
2025/06/25 05:10:17 [INFO] 2025-06-25 05:10:17 - Posts fetched successfully in GetPostsScroll Handler
2025/06/25 05:10:17 [LOG] 2025-06-25 05:10:17 - Get request made to GetPostsScroll Handler
2025/06/25 05:10:17 [INFO] 2025-06-25 05:10:17 - Posts fetched successfully in GetPostsScroll Handler
2025/06/25 05:10:18 [LOG] 2025-06-25 05:10:18 - Get request made to GetPostsScroll Handler
2025/06/25 05:10:18 [INFO] 2025-06-25 05:10:18 - Posts fetched successfully in GetPostsScroll Handler
2025/06/25 05:10:18 [LOG] 2025-06-25 05:10:18 - Get request made to GetPostsScroll Handler
2025/06/25 05:10:18 [INFO] 2025-06-25 05:10:18 - Posts fetched successfully in GetPostsScroll Handler
2025/06/25 05:10:19 [LOG] 2025-06-25 05:10:19 - Get request made to GetPostsScroll Handler
2025/06/25 05:10:19 [INFO] 2025-06-25 05:10:19 - Posts fetched successfully in GetPostsScroll Handler
2025/06/25 05:10:19 [LOG] 2025-06-25 05:10:19 - Get request made to GetPostsScroll Handler
2025/06/25 05:10:19 [INFO] 2025-06-25 05:10:19 - Posts fetched successfully in GetPostsScroll Handler
2025/06/25 05:10:20 [LOG] 2025-06-25 05:10:20 - Get request made to GetPostsScroll Handler
2025/06/25 05:10:20 [INFO] 2025-06-25 05:10:20 - Posts fetched successfully in GetPostsScroll Handler
2025/06/25 05:10:20 [LOG] 2025-06-25 05:10:20 - Get request made to GetPostsScroll Handler
2025/06/25 05:10:20 [INFO] 2025-06-25 05:10:20 - Posts fetched successfully in GetPostsScroll Handler
2025/06/25 05:10:21 [LOG] 2025-06-25 05:10:21 - Get request made to GetPostsScroll Handler
2025/06/25 05:10:21 [LOG] 2025-06-25 05:10:21 - Get request made to GetPostsScroll Handler
2025/06/25 05:10:21 [INFO] 2025-06-25 05:10:21 - Posts fetched successfully in GetPostsScroll Handler
2025/06/25 05:10:21 [INFO] 2025-06-25 05:10:21 - Posts fetched successfully in GetPostsScroll Handler
2025/06/25 05:10:21 [LOG] 2025-06-25 05:10:21 - Get request made to GetPostsScroll Handler
2025/06/25 05:10:21 [INFO] 2025-06-25 05:10:21 - Posts fetched successfully in GetPostsScroll Handler
2025/06/25 05:10:21 [LOG] 2025-06-25 05:10:21 - Get request made to GetPostsScroll Handler
2025/06/25 05:10:21 [INFO] 2025-06-25 05:10:21 - Posts fetched successfully in GetPostsScroll Handler
2025/06/25 05:10:22 [LOG] 2025-06-25 05:10:22 - Get request made to GetPostsScroll Handler
2025/06/25 05:10:22 [INFO] 2025-06-25 05:10:22 - Posts fetched successfully in GetPostsScroll Handler
2025/06/25 05:10:22 [LOG] 2025-06-25 05:10:22 - Get request made to GetPostsScroll Handler
2025/06/25 05:10:22 [INFO] 2025-06-25 05:10:22 - Posts fetched successfully in GetPostsScroll Handler
2025/06/25 05:10:23 [LOG] 2025-06-25 05:10:23 - Get request made to GetPostsScroll Handler
2025/06/25 05:10:23 [INFO] 2025-06-25 05:10:23 - Posts fetched successfully in GetPostsScroll Handler
2025/06/25 05:10:23 [LOG] 2025-06-25 05:10:23 - Get request made to GetPostsScroll Handler
2025/06/25 05:10:23 [INFO] 2025-06-25 05:10:23 - Posts fetched successfully in GetPostsScroll Handler
2025/06/25 05:10:24 [LOG] 2025-06-25 05:10:24 - Get request made to GetPostsScroll Handler
2025/06/25 05:10:24 [INFO] 2025-06-25 05:10:24 - Posts fetched successfully in GetPostsScroll Handler
2025/06/25 05:10:24 [LOG] 2025-06-25 05:10:24 - Get request made to GetPostsScroll Handler
2025/06/25 05:10:24 [INFO] 2025-06-25 05:10:24 - Posts fetched successfully in GetPostsScroll Handler
2025/06/25 05:12:53 [LOG] 2025-06-25 05:12:53 - Get request made to GetPostsScroll Handler
2025/06/25 05:12:53 [INFO] 2025-06-25 05:12:53 - Posts fetched successfully in GetPostsScroll Handler
2025/06/25 05:12:53 [LOG] 2025-06-25 05:12:53 - Get request made to GetPostsScroll Handler
2025/06/25 05:12:53 [INFO] 2025-06-25 05:12:53 - Posts fetched successfully in GetPostsScroll Handler
2025/06/25 05:12:53 [LOG] 2025-06-25 05:12:53 - Get request made to GetPostsScroll Handler
2025/06/25 05:12:53 [INFO] 2025-06-25 05:12:53 - Posts fetched successfully in GetPostsScroll Handler
2025/06/25 05:12:53 [LOG] 2025-06-25 05:12:53 - Get request made to GetPostsScroll Handler
2025/06/25 05:12:53 [INFO] 2025-06-25 05:12:53 - Posts fetched successfully in GetPostsScroll Handler
2025/06/25 05:13:03 [LOG] 2025-06-25 05:13:03 - Get request made to GetPostsScroll Handler
2025/06/25 05:13:03 [INFO] 2025-06-25 05:13:03 - Posts fetched successfully in GetPostsScroll Handler
2025/06/25 05:13:03 [LOG] 2025-06-25 05:13:03 - Get request made to GetPostsScroll Handler
2025/06/25 05:13:03 [INFO] 2025-06-25 05:13:03 - Posts fetched successfully in GetPostsScroll Handler
2025/06/25 05:13:03 [LOG] 2025-06-25 05:13:03 - Get request made to GetPostsScroll Handler
2025/06/25 05:13:03 [LOG] 2025-06-25 05:13:03 - Get request made to GetPostsScroll Handler
2025/06/25 05:13:03 [INFO] 2025-06-25 05:13:03 - Posts fetched successfully in GetPostsScroll Handler
2025/06/25 05:13:03 [INFO] 2025-06-25 05:13:03 - Posts fetched successfully in GetPostsScroll Handler
2025/06/25 05:13:20 [INFO] 2025-06-25 05:13:20 - Starting HTTP server at http://localhost:8080 ...
2025/06/25 05:13:20 [INFO] 2025-06-25 05:13:20 - Migrations applied successfully!
2025/06/25 05:13:39 [LOG] 2025-06-25 05:13:39 - Get request made to GetPostsScroll Handler
2025/06/25 05:13:39 [INFO] 2025-06-25 05:13:39 - Posts fetched successfully in GetPostsScroll Handler
2025/06/25 05:13:39 [LOG] 2025-06-25 05:13:39 - Get request made to GetPostsScroll Handler
2025/06/25 05:13:39 [INFO] 2025-06-25 05:13:39 - Posts fetched successfully in GetPostsScroll Handler
2025/06/25 05:13:39 [LOG] 2025-06-25 05:13:39 - Get request made to GetPostsScroll Handler
2025/06/25 05:13:39 [LOG] 2025-06-25 05:13:39 - Get request made to GetPostsScroll Handler
2025/06/25 05:13:39 [INFO] 2025-06-25 05:13:39 - Posts fetched successfully in GetPostsScroll Handler
2025/06/25 05:13:39 [INFO] 2025-06-25 05:13:39 - Posts fetched successfully in GetPostsScroll Handler
2025/06/25 05:13:46 [LOG] 2025-06-25 05:13:46 - Get request made to GetPostsScroll Handler
2025/06/25 05:13:46 [INFO] 2025-06-25 05:13:46 - Posts fetched successfully in GetPostsScroll Handler
2025/06/25 05:13:46 [LOG] 2025-06-25 05:13:46 - Get request made to GetPostsScroll Handler
2025/06/25 05:13:46 [INFO] 2025-06-25 05:13:46 - Posts fetched successfully in GetPostsScroll Handler
2025/06/25 05:13:47 [LOG] 2025-06-25 05:13:47 - Get request made to GetPostsScroll Handler
2025/06/25 05:13:47 [INFO] 2025-06-25 05:13:47 - Posts fetched successfully in GetPostsScroll Handler
2025/06/25 05:13:47 [LOG] 2025-06-25 05:13:47 - Get request made to GetPostsScroll Handler
2025/06/25 05:13:47 [INFO] 2025-06-25 05:13:47 - Posts fetched successfully in GetPostsScroll Handler
2025/06/25 05:14:18 [LOG] 2025-06-25 05:14:18 - Get request made to GetPostsScroll Handler
2025/06/25 05:14:18 [INFO] 2025-06-25 05:14:18 - Posts fetched successfully in GetPostsScroll Handler
2025/06/25 05:14:18 [LOG] 2025-06-25 05:14:18 - Get request made to GetPostsScroll Handler
2025/06/25 05:14:18 [INFO] 2025-06-25 05:14:18 - Posts fetched successfully in GetPostsScroll Handler
2025/06/25 05:14:18 [LOG] 2025-06-25 05:14:18 - Get request made to GetPostsScroll Handler
2025/06/25 05:14:18 [INFO] 2025-06-25 05:14:18 - Posts fetched successfully in GetPostsScroll Handler
2025/06/25 05:14:18 [LOG] 2025-06-25 05:14:18 - Get request made to GetPostsScroll Handler
2025/06/25 05:14:18 [INFO] 2025-06-25 05:14:18 - Posts fetched successfully in GetPostsScroll Handler
2025/06/25 05:14:53 [LOG] 2025-06-25 05:14:53 - Get request made to GetPostsScroll Handler
2025/06/25 05:14:53 [INFO] 2025-06-25 05:14:53 - Posts fetched successfully in GetPostsScroll Handler
2025/06/25 05:14:53 [LOG] 2025-06-25 05:14:53 - Get request made to GetPostsScroll Handler
2025/06/25 05:14:53 [INFO] 2025-06-25 05:14:53 - Posts fetched successfully in GetPostsScroll Handler
2025/06/25 05:14:53 [LOG] 2025-06-25 05:14:53 - Get request made to GetPostsScroll Handler
2025/06/25 05:14:53 [LOG] 2025-06-25 05:14:53 - Get request made to GetPostsScroll Handler
2025/06/25 05:14:53 [INFO] 2025-06-25 05:14:53 - Posts fetched successfully in GetPostsScroll Handler
2025/06/25 05:14:53 [INFO] 2025-06-25 05:14:53 - Posts fetched successfully in GetPostsScroll Handler
2025/06/25 05:14:55 [LOG] 2025-06-25 05:14:55 - Get request made to GetPostsScroll Handler
2025/06/25 05:14:56 [INFO] 2025-06-25 05:14:56 - Posts fetched successfully in GetPostsScroll Handler
2025/06/25 05:14:56 [LOG] 2025-06-25 05:14:56 - Get request made to GetPostsScroll Handler
2025/06/25 05:14:56 [INFO] 2025-06-25 05:14:56 - Posts fetched successfully in GetPostsScroll Handler
2025/06/25 05:14:56 [LOG] 2025-06-25 05:14:56 - Get request made to GetPostsScroll Handler
2025/06/25 05:14:56 [INFO] 2025-06-25 05:14:56 - Posts fetched successfully in GetPostsScroll Handler
2025/06/25 05:14:56 [LOG] 2025-06-25 05:14:56 - Get request made to GetPostsScroll Handler
2025/06/25 05:14:56 [INFO] 2025-06-25 05:14:56 - Posts fetched successfully in GetPostsScroll Handler
2025/06/25 05:15:15 [LOG] 2025-06-25 05:15:15 - Get request made to GetPostsScroll Handler
2025/06/25 05:15:15 [INFO] 2025-06-25 05:15:15 - Posts fetched successfully in GetPostsScroll Handler
2025/06/25 05:15:15 [LOG] 2025-06-25 05:15:15 - Get request made to GetPostsScroll Handler
2025/06/25 05:15:15 [INFO] 2025-06-25 05:15:15 - Posts fetched successfully in GetPostsScroll Handler
2025/06/25 05:15:15 [LOG] 2025-06-25 05:15:15 - Get request made to GetPostsScroll Handler
2025/06/25 05:15:15 [INFO] 2025-06-25 05:15:15 - Posts fetched successfully in GetPostsScroll Handler
2025/06/25 05:15:15 [LOG] 2025-06-25 05:15:15 - Get request made to GetPostsScroll Handler
2025/06/25 05:15:15 [INFO] 2025-06-25 05:15:15 - Posts fetched successfully in GetPostsScroll Handler
2025/06/25 05:15:18 [LOG] 2025-06-25 05:15:18 - Get request made to GetPostsScroll Handler
2025/06/25 05:15:18 [INFO] 2025-06-25 05:15:18 - Posts fetched successfully in GetPostsScroll Handler
2025/06/25 05:15:18 [LOG] 2025-06-25 05:15:18 - Get request made to GetPostsScroll Handler
2025/06/25 05:15:18 [INFO] 2025-06-25 05:15:18 - Posts fetched successfully in GetPostsScroll Handler
2025/06/25 05:15:18 [LOG] 2025-06-25 05:15:18 - Get request made to GetPostsScroll Handler
2025/06/25 05:15:18 [LOG] 2025-06-25 05:15:18 - Get request made to GetPostsScroll Handler
2025/06/25 05:15:18 [INFO] 2025-06-25 05:15:18 - Posts fetched successfully in GetPostsScroll Handler
2025/06/25 05:15:18 [INFO] 2025-06-25 05:15:18 - Posts fetched successfully in GetPostsScroll Handler
2025/06/25 05:15:20 [LOG] 2025-06-25 05:15:20 - Get request made to GetPostsScroll Handler
2025/06/25 05:15:20 [INFO] 2025-06-25 05:15:20 - Posts fetched successfully in GetPostsScroll Handler
2025/06/25 05:15:20 [LOG] 2025-06-25 05:15:20 - Get request made to GetPostsScroll Handler
2025/06/25 05:15:20 [INFO] 2025-06-25 05:15:20 - Posts fetched successfully in GetPostsScroll Handler
2025/06/25 05:15:20 [LOG] 2025-06-25 05:15:20 - Get request made to GetPostsScroll Handler
2025/06/25 05:15:20 [LOG] 2025-06-25 05:15:20 - Get request made to GetPostsScroll Handler
2025/06/25 05:15:20 [INFO] 2025-06-25 05:15:20 - Posts fetched successfully in GetPostsScroll Handler
2025/06/25 05:15:20 [INFO] 2025-06-25 05:15:20 - Posts fetched successfully in GetPostsScroll Handler
2025/06/25 05:17:23 [LOG] 2025-06-25 05:17:23 - Get request made to GetPostsScroll Handler
2025/06/25 05:17:23 [LOG] 2025-06-25 05:17:23 - Get request made to GetPostsScroll Handler
2025/06/25 05:17:23 [INFO] 2025-06-25 05:17:23 - Posts fetched successfully in GetPostsScroll Handler
2025/06/25 05:17:23 [INFO] 2025-06-25 05:17:23 - Posts fetched successfully in GetPostsScroll Handler
2025/06/25 05:17:23 [LOG] 2025-06-25 05:17:23 - Get request made to GetPostsScroll Handler
2025/06/25 05:17:23 [INFO] 2025-06-25 05:17:23 - Posts fetched successfully in GetPostsScroll Handler
2025/06/25 05:17:23 [LOG] 2025-06-25 05:17:23 - Get request made to GetPostsScroll Handler
2025/06/25 05:17:23 [INFO] 2025-06-25 05:17:23 - Posts fetched successfully in GetPostsScroll Handler
2025/06/25 05:17:28 [LOG] 2025-06-25 05:17:28 - Get request made to GetPostsScroll Handler
2025/06/25 05:17:28 [INFO] 2025-06-25 05:17:28 - Posts fetched successfully in GetPostsScroll Handler
2025/06/25 05:17:28 [LOG] 2025-06-25 05:17:28 - Get request made to GetPostsScroll Handler
2025/06/25 05:17:28 [INFO] 2025-06-25 05:17:28 - Posts fetched successfully in GetPostsScroll Handler
2025/06/25 05:17:28 [LOG] 2025-06-25 05:17:28 - Get request made to GetPostsScroll Handler
2025/06/25 05:17:28 [INFO] 2025-06-25 05:17:28 - Posts fetched successfully in GetPostsScroll Handler
2025/06/25 05:17:28 [LOG] 2025-06-25 05:17:28 - Get request made to GetPostsScroll Handler
2025/06/25 05:17:28 [INFO] 2025-06-25 05:17:28 - Posts fetched successfully in GetPostsScroll Handler
2025/06/25 05:17:32 [LOG] 2025-06-25 05:17:32 - Get request made to GetPostsScroll Handler
2025/06/25 05:17:32 [LOG] 2025-06-25 05:17:32 - Get request made to GetPostsScroll Handler
2025/06/25 05:17:32 [INFO] 2025-06-25 05:17:32 - Posts fetched successfully in GetPostsScroll Handler
2025/06/25 05:17:32 [INFO] 2025-06-25 05:17:32 - Posts fetched successfully in GetPostsScroll Handler
2025/06/25 05:17:41 [ERROR] 2025-06-25 05:17:41 - Error preparing statement: database is locked
2025/06/25 05:17:41 [ERROR] 2025-06-25 05:17:41 - Invalid Token in CheckUserExeting Handler: 
2025/06/25 05:17:44 [ERROR] 2025-06-25 05:17:44 - Error executing query: database is locked
2025/06/25 05:17:44 [ERROR] 2025-06-25 05:17:44 - Invalid Token in CheckUserExeting Handler: 
2025/06/25 05:17:47 [INFO] 2025-06-25 05:17:47 - Verify-token hit
2025/06/25 05:18:45 [INFO] 2025-06-25 05:18:45 - Verify-token hit
2025/06/25 05:18:45 [INFO] 2025-06-25 05:18:45 - =========== GetOtherUserProfile called ===========
2025/06/25 05:18:45 [INFO] 2025-06-25 05:18:45 - Authenticated user ID: 1a3b436a-e419-43ab-b433-90785a20fcd1
2025/06/25 05:18:45 [INFO] 2025-06-25 05:18:45 - Requested profile for user ID: 1a3b436a-e419-43ab-b433-90785a20fcd1
2025/06/25 05:18:45 [INFO] 2025-06-25 05:18:45 - User is viewing their own profile
2025/06/25 05:18:45 [INFO] 2025-06-25 05:18:45 - Profile returned successfully
2025/06/25 05:18:45 [INFO] 2025-06-25 05:18:45 - =========== GetOtherUserProfile called ===========
2025/06/25 05:18:45 [INFO] 2025-06-25 05:18:45 - Authenticated user ID: 1a3b436a-e419-43ab-b433-90785a20fcd1
2025/06/25 05:18:45 [INFO] 2025-06-25 05:18:45 - Requested profile for user ID: 1a3b436a-e419-43ab-b433-90785a20fcd1
2025/06/25 05:18:45 [INFO] 2025-06-25 05:18:45 - User is viewing their own profile
2025/06/25 05:18:45 [INFO] 2025-06-25 05:18:45 - Profile returned successfully
2025/06/25 05:18:45 [LOG] 2025-06-25 05:18:45 - Get request made to GetPostsScroll Handler
2025/06/25 05:18:45 [LOG] 2025-06-25 05:18:45 - Get request made to GetPostsScroll Handler
2025/06/25 05:18:45 [ERROR] 2025-06-25 05:18:45 - No Posts found in GetPostsScroll Handler: 
2025/06/25 05:18:45 [ERROR] 2025-06-25 05:18:45 - No Posts found in GetPostsScroll Handler: 
2025/06/25 05:18:50 [LOG] 2025-06-25 05:18:50 - Get request made to GetPostsScroll Handler
2025/06/25 05:18:50 [INFO] 2025-06-25 05:18:50 - Posts fetched successfully in GetPostsScroll Handler
2025/06/25 05:18:50 [LOG] 2025-06-25 05:18:50 - Get request made to GetPostsScroll Handler
2025/06/25 05:18:50 [INFO] 2025-06-25 05:18:50 - Posts fetched successfully in GetPostsScroll Handler
2025/06/25 05:18:58 [INFO] 2025-06-25 05:18:58 - Verify-token hit
2025/06/25 05:19:01 [INFO] 2025-06-25 05:19:01 - =========== GetOtherUserProfile called ===========
2025/06/25 05:19:01 [INFO] 2025-06-25 05:19:01 - Authenticated user ID: 1a3b436a-e419-43ab-b433-90785a20fcd1
2025/06/25 05:19:01 [INFO] 2025-06-25 05:19:01 - Requested profile for user ID: 1a3b436a-e419-43ab-b433-90785a20fcd1
2025/06/25 05:19:01 [INFO] 2025-06-25 05:19:01 - User is viewing their own profile
2025/06/25 05:19:01 [INFO] 2025-06-25 05:19:01 - Profile returned successfully
2025/06/25 05:19:01 [INFO] 2025-06-25 05:19:01 - =========== GetOtherUserProfile called ===========
2025/06/25 05:19:01 [INFO] 2025-06-25 05:19:01 - Authenticated user ID: 1a3b436a-e419-43ab-b433-90785a20fcd1
2025/06/25 05:19:01 [INFO] 2025-06-25 05:19:01 - Requested profile for user ID: 1a3b436a-e419-43ab-b433-90785a20fcd1
2025/06/25 05:19:01 [INFO] 2025-06-25 05:19:01 - User is viewing their own profile
2025/06/25 05:19:01 [INFO] 2025-06-25 05:19:01 - Profile returned successfully
2025/06/25 05:19:01 [LOG] 2025-06-25 05:19:01 - Get request made to GetPostsScroll Handler
2025/06/25 05:19:01 [ERROR] 2025-06-25 05:19:01 - No Posts found in GetPostsScroll Handler: 
2025/06/25 05:19:01 [LOG] 2025-06-25 05:19:01 - Get request made to GetPostsScroll Handler
2025/06/25 05:19:01 [ERROR] 2025-06-25 05:19:01 - No Posts found in GetPostsScroll Handler: 
2025/06/25 05:19:36 [INFO] 2025-06-25 05:19:36 - Verify-token hit
2025/06/25 05:19:38 [INFO] 2025-06-25 05:19:38 - Verify-token hit
2025/06/25 05:19:38 [LOG] 2025-06-25 05:19:38 - Get request made to GetPostsScroll Handler
2025/06/25 05:19:38 [INFO] 2025-06-25 05:19:38 - Posts fetched successfully in GetPostsScroll Handler
2025/06/25 05:19:38 [LOG] 2025-06-25 05:19:38 - Get request made to GetPostsScroll Handler
2025/06/25 05:19:38 [INFO] 2025-06-25 05:19:38 - Posts fetched successfully in GetPostsScroll Handler
2025/06/25 05:19:38 [INFO] 2025-06-25 05:19:38 - =========== GetOtherUserProfile called ===========
2025/06/25 05:19:38 [INFO] 2025-06-25 05:19:38 - Authenticated user ID: 1a3b436a-e419-43ab-b433-90785a20fcd1
2025/06/25 05:19:38 [INFO] 2025-06-25 05:19:38 - Requested profile for user ID: 1a3b436a-e419-43ab-b433-90785a20fcd1
2025/06/25 05:19:38 [INFO] 2025-06-25 05:19:38 - User is viewing their own profile
2025/06/25 05:19:38 [INFO] 2025-06-25 05:19:38 - Profile returned successfully
2025/06/25 05:19:38 [INFO] 2025-06-25 05:19:38 - =========== GetOtherUserProfile called ===========
2025/06/25 05:19:38 [INFO] 2025-06-25 05:19:38 - Authenticated user ID: 1a3b436a-e419-43ab-b433-90785a20fcd1
2025/06/25 05:19:38 [INFO] 2025-06-25 05:19:38 - Requested profile for user ID: 1a3b436a-e419-43ab-b433-90785a20fcd1
2025/06/25 05:19:38 [INFO] 2025-06-25 05:19:38 - User is viewing their own profile
2025/06/25 05:19:38 [INFO] 2025-06-25 05:19:38 - Profile returned successfully
2025/06/25 05:19:38 [LOG] 2025-06-25 05:19:38 - Get request made to GetPostsScroll Handler
2025/06/25 05:19:38 [ERROR] 2025-06-25 05:19:38 - No Posts found in GetPostsScroll Handler: 
2025/06/25 05:19:38 [LOG] 2025-06-25 05:19:38 - Get request made to GetPostsScroll Handler
2025/06/25 05:19:38 [ERROR] 2025-06-25 05:19:38 - No Posts found in GetPostsScroll Handler: 
2025/06/25 05:19:43 [INFO] 2025-06-25 05:19:43 - Verify-token hit
2025/06/25 05:19:44 [INFO] 2025-06-25 05:19:44 - Verify-token hit
2025/06/25 05:19:44 [INFO] 2025-06-25 05:19:44 - Verify-token hit
2025/06/25 05:19:44 [LOG] 2025-06-25 05:19:44 - Get request made to GetPostsScroll Handler
2025/06/25 05:19:44 [INFO] 2025-06-25 05:19:44 - Posts fetched successfully in GetPostsScroll Handler
2025/06/25 05:19:44 [LOG] 2025-06-25 05:19:44 - Get request made to GetPostsScroll Handler
2025/06/25 05:19:44 [INFO] 2025-06-25 05:19:44 - Posts fetched successfully in GetPostsScroll Handler
2025/06/25 05:19:44 [INFO] 2025-06-25 05:19:44 - =========== GetOtherUserProfile called ===========
2025/06/25 05:19:44 [INFO] 2025-06-25 05:19:44 - Authenticated user ID: 1a3b436a-e419-43ab-b433-90785a20fcd1
2025/06/25 05:19:44 [INFO] 2025-06-25 05:19:44 - Requested profile for user ID: 1a3b436a-e419-43ab-b433-90785a20fcd1
2025/06/25 05:19:44 [INFO] 2025-06-25 05:19:44 - User is viewing their own profile
2025/06/25 05:19:44 [INFO] 2025-06-25 05:19:44 - Profile returned successfully
2025/06/25 05:19:44 [INFO] 2025-06-25 05:19:44 - =========== GetOtherUserProfile called ===========
2025/06/25 05:19:44 [INFO] 2025-06-25 05:19:44 - Authenticated user ID: 1a3b436a-e419-43ab-b433-90785a20fcd1
2025/06/25 05:19:44 [INFO] 2025-06-25 05:19:44 - Requested profile for user ID: 1a3b436a-e419-43ab-b433-90785a20fcd1
2025/06/25 05:19:44 [INFO] 2025-06-25 05:19:44 - User is viewing their own profile
2025/06/25 05:19:44 [INFO] 2025-06-25 05:19:44 - Profile returned successfully
2025/06/25 05:19:44 [LOG] 2025-06-25 05:19:44 - Get request made to GetPostsScroll Handler
2025/06/25 05:19:44 [ERROR] 2025-06-25 05:19:44 - No Posts found in GetPostsScroll Handler: 
2025/06/25 05:19:44 [LOG] 2025-06-25 05:19:44 - Get request made to GetPostsScroll Handler
2025/06/25 05:19:44 [ERROR] 2025-06-25 05:19:44 - No Posts found in GetPostsScroll Handler: 
2025/06/25 05:19:53 [INFO] 2025-06-25 05:19:53 - Verify-token hit
2025/06/25 05:19:55 [LOG] 2025-06-25 05:19:55 - Get request made to GetPostsScroll Handler
2025/06/25 05:19:55 [INFO] 2025-06-25 05:19:55 - Posts fetched successfully in GetPostsScroll Handler
2025/06/25 05:19:55 [LOG] 2025-06-25 05:19:55 - Get request made to GetPostsScroll Handler
2025/06/25 05:19:55 [INFO] 2025-06-25 05:19:55 - Posts fetched successfully in GetPostsScroll Handler
2025/06/25 05:19:55 [INFO] 2025-06-25 05:19:55 - =========== GetOtherUserProfile called ===========
2025/06/25 05:19:55 [INFO] 2025-06-25 05:19:55 - Authenticated user ID: 1a3b436a-e419-43ab-b433-90785a20fcd1
2025/06/25 05:19:55 [INFO] 2025-06-25 05:19:55 - Requested profile for user ID: 1a3b436a-e419-43ab-b433-90785a20fcd1
2025/06/25 05:19:55 [INFO] 2025-06-25 05:19:55 - User is viewing their own profile
2025/06/25 05:19:55 [INFO] 2025-06-25 05:19:55 - Profile returned successfully
2025/06/25 05:19:55 [INFO] 2025-06-25 05:19:55 - =========== GetOtherUserProfile called ===========
2025/06/25 05:19:55 [INFO] 2025-06-25 05:19:55 - Authenticated user ID: 1a3b436a-e419-43ab-b433-90785a20fcd1
2025/06/25 05:19:55 [INFO] 2025-06-25 05:19:55 - Requested profile for user ID: 1a3b436a-e419-43ab-b433-90785a20fcd1
2025/06/25 05:19:55 [INFO] 2025-06-25 05:19:55 - User is viewing their own profile
2025/06/25 05:19:55 [INFO] 2025-06-25 05:19:55 - Profile returned successfully
2025/06/25 05:19:55 [LOG] 2025-06-25 05:19:55 - Get request made to GetPostsScroll Handler
2025/06/25 05:19:55 [ERROR] 2025-06-25 05:19:55 - No Posts found in GetPostsScroll Handler: 
2025/06/25 05:19:55 [LOG] 2025-06-25 05:19:55 - Get request made to GetPostsScroll Handler
2025/06/25 05:19:55 [ERROR] 2025-06-25 05:19:55 - No Posts found in GetPostsScroll Handler: 
2025/06/25 05:20:02 [INFO] 2025-06-25 05:20:02 - Verify-token hit
2025/06/25 05:20:03 [LOG] 2025-06-25 05:20:03 - Get request made to GetPostsScroll Handler
2025/06/25 05:20:03 [INFO] 2025-06-25 05:20:03 - Posts fetched successfully in GetPostsScroll Handler
2025/06/25 05:20:03 [LOG] 2025-06-25 05:20:03 - Get request made to GetPostsScroll Handler
2025/06/25 05:20:03 [INFO] 2025-06-25 05:20:03 - Posts fetched successfully in GetPostsScroll Handler
2025/06/25 05:20:03 [INFO] 2025-06-25 05:20:03 - =========== GetOtherUserProfile called ===========
2025/06/25 05:20:03 [INFO] 2025-06-25 05:20:03 - Authenticated user ID: 1a3b436a-e419-43ab-b433-90785a20fcd1
2025/06/25 05:20:03 [INFO] 2025-06-25 05:20:03 - Requested profile for user ID: 1a3b436a-e419-43ab-b433-90785a20fcd1
2025/06/25 05:20:03 [INFO] 2025-06-25 05:20:03 - User is viewing their own profile
2025/06/25 05:20:03 [INFO] 2025-06-25 05:20:03 - Profile returned successfully
2025/06/25 05:20:03 [INFO] 2025-06-25 05:20:03 - =========== GetOtherUserProfile called ===========
2025/06/25 05:20:03 [INFO] 2025-06-25 05:20:03 - Authenticated user ID: 1a3b436a-e419-43ab-b433-90785a20fcd1
2025/06/25 05:20:03 [INFO] 2025-06-25 05:20:03 - Requested profile for user ID: 1a3b436a-e419-43ab-b433-90785a20fcd1
2025/06/25 05:20:03 [INFO] 2025-06-25 05:20:03 - User is viewing their own profile
2025/06/25 05:20:03 [INFO] 2025-06-25 05:20:03 - Profile returned successfully
2025/06/25 05:20:03 [LOG] 2025-06-25 05:20:03 - Get request made to GetPostsScroll Handler
2025/06/25 05:20:03 [ERROR] 2025-06-25 05:20:03 - No Posts found in GetPostsScroll Handler: 
2025/06/25 05:20:03 [LOG] 2025-06-25 05:20:03 - Get request made to GetPostsScroll Handler
2025/06/25 05:20:03 [ERROR] 2025-06-25 05:20:03 - No Posts found in GetPostsScroll Handler: 
2025/06/25 05:20:06 [INFO] 2025-06-25 05:20:06 - Verify-token hit
2025/06/25 05:20:06 [LOG] 2025-06-25 05:20:06 - Get request made to GetPostsScroll Handler
2025/06/25 05:20:06 [INFO] 2025-06-25 05:20:06 - Posts fetched successfully in GetPostsScroll Handler
2025/06/25 05:20:06 [LOG] 2025-06-25 05:20:06 - Get request made to GetPostsScroll Handler
2025/06/25 05:20:06 [INFO] 2025-06-25 05:20:06 - Posts fetched successfully in GetPostsScroll Handler
2025/06/25 05:20:06 [INFO] 2025-06-25 05:20:06 - =========== GetOtherUserProfile called ===========
2025/06/25 05:20:06 [INFO] 2025-06-25 05:20:06 - Authenticated user ID: 1a3b436a-e419-43ab-b433-90785a20fcd1
2025/06/25 05:20:06 [INFO] 2025-06-25 05:20:06 - Requested profile for user ID: 1a3b436a-e419-43ab-b433-90785a20fcd1
2025/06/25 05:20:06 [INFO] 2025-06-25 05:20:06 - User is viewing their own profile
2025/06/25 05:20:06 [INFO] 2025-06-25 05:20:06 - Profile returned successfully
2025/06/25 05:20:06 [INFO] 2025-06-25 05:20:06 - =========== GetOtherUserProfile called ===========
2025/06/25 05:20:06 [INFO] 2025-06-25 05:20:06 - Authenticated user ID: 1a3b436a-e419-43ab-b433-90785a20fcd1
2025/06/25 05:20:06 [INFO] 2025-06-25 05:20:06 - Requested profile for user ID: 1a3b436a-e419-43ab-b433-90785a20fcd1
2025/06/25 05:20:06 [INFO] 2025-06-25 05:20:06 - User is viewing their own profile
2025/06/25 05:20:06 [INFO] 2025-06-25 05:20:06 - Profile returned successfully
2025/06/25 05:20:07 [LOG] 2025-06-25 05:20:07 - Get request made to GetPostsScroll Handler
2025/06/25 05:20:07 [ERROR] 2025-06-25 05:20:07 - No Posts found in GetPostsScroll Handler: 
2025/06/25 05:20:07 [LOG] 2025-06-25 05:20:07 - Get request made to GetPostsScroll Handler
2025/06/25 05:20:07 [ERROR] 2025-06-25 05:20:07 - No Posts found in GetPostsScroll Handler: 
2025/06/25 05:20:16 [INFO] 2025-06-25 05:20:16 - Verify-token hit
2025/06/25 05:20:25 [INFO] 2025-06-25 05:20:25 - Verify-token hit
2025/06/25 05:20:26 [LOG] 2025-06-25 05:20:26 - Get request made to GetPostsScroll Handler
2025/06/25 05:20:26 [INFO] 2025-06-25 05:20:26 - Posts fetched successfully in GetPostsScroll Handler
2025/06/25 05:20:26 [INFO] 2025-06-25 05:20:26 - =========== GetOtherUserProfile called ===========
2025/06/25 05:20:26 [INFO] 2025-06-25 05:20:26 - Authenticated user ID: 1a3b436a-e419-43ab-b433-90785a20fcd1
2025/06/25 05:20:26 [INFO] 2025-06-25 05:20:26 - Requested profile for user ID: 1a3b436a-e419-43ab-b433-90785a20fcd1
2025/06/25 05:20:26 [INFO] 2025-06-25 05:20:26 - User is viewing their own profile
2025/06/25 05:20:26 [INFO] 2025-06-25 05:20:26 - Profile returned successfully
2025/06/25 05:20:26 [LOG] 2025-06-25 05:20:26 - Get request made to GetPostsScroll Handler
2025/06/25 05:20:26 [INFO] 2025-06-25 05:20:26 - Posts fetched successfully in GetPostsScroll Handler
2025/06/25 05:20:26 [INFO] 2025-06-25 05:20:26 - =========== GetOtherUserProfile called ===========
2025/06/25 05:20:26 [INFO] 2025-06-25 05:20:26 - Authenticated user ID: 1a3b436a-e419-43ab-b433-90785a20fcd1
2025/06/25 05:20:26 [INFO] 2025-06-25 05:20:26 - Requested profile for user ID: 1a3b436a-e419-43ab-b433-90785a20fcd1
2025/06/25 05:20:26 [INFO] 2025-06-25 05:20:26 - User is viewing their own profile
2025/06/25 05:20:26 [INFO] 2025-06-25 05:20:26 - Profile returned successfully
2025/06/25 05:20:26 [LOG] 2025-06-25 05:20:26 - Get request made to GetPostsScroll Handler
2025/06/25 05:20:26 [ERROR] 2025-06-25 05:20:26 - No Posts found in GetPostsScroll Handler: 
2025/06/25 05:20:26 [LOG] 2025-06-25 05:20:26 - Get request made to GetPostsScroll Handler
2025/06/25 05:20:26 [ERROR] 2025-06-25 05:20:26 - No Posts found in GetPostsScroll Handler: 
2025/06/25 05:20:29 [INFO] 2025-06-25 05:20:29 - Verify-token hit
2025/06/25 05:20:30 [LOG] 2025-06-25 05:20:30 - Get request made to GetPostsScroll Handler
2025/06/25 05:20:30 [INFO] 2025-06-25 05:20:30 - Posts fetched successfully in GetPostsScroll Handler
2025/06/25 05:20:30 [LOG] 2025-06-25 05:20:30 - Get request made to GetPostsScroll Handler
2025/06/25 05:20:30 [INFO] 2025-06-25 05:20:30 - Posts fetched successfully in GetPostsScroll Handler
2025/06/25 05:20:30 [INFO] 2025-06-25 05:20:30 - =========== GetOtherUserProfile called ===========
2025/06/25 05:20:30 [INFO] 2025-06-25 05:20:30 - Authenticated user ID: 1a3b436a-e419-43ab-b433-90785a20fcd1
2025/06/25 05:20:30 [INFO] 2025-06-25 05:20:30 - Requested profile for user ID: 1a3b436a-e419-43ab-b433-90785a20fcd1
2025/06/25 05:20:30 [INFO] 2025-06-25 05:20:30 - User is viewing their own profile
2025/06/25 05:20:30 [INFO] 2025-06-25 05:20:30 - Profile returned successfully
2025/06/25 05:20:30 [INFO] 2025-06-25 05:20:30 - =========== GetOtherUserProfile called ===========
2025/06/25 05:20:30 [INFO] 2025-06-25 05:20:30 - Authenticated user ID: 1a3b436a-e419-43ab-b433-90785a20fcd1
2025/06/25 05:20:30 [INFO] 2025-06-25 05:20:30 - Requested profile for user ID: 1a3b436a-e419-43ab-b433-90785a20fcd1
2025/06/25 05:20:30 [INFO] 2025-06-25 05:20:30 - User is viewing their own profile
2025/06/25 05:20:30 [INFO] 2025-06-25 05:20:30 - Profile returned successfully
2025/06/25 05:20:30 [LOG] 2025-06-25 05:20:30 - Get request made to GetPostsScroll Handler
2025/06/25 05:20:30 [ERROR] 2025-06-25 05:20:30 - No Posts found in GetPostsScroll Handler: 
2025/06/25 05:20:30 [LOG] 2025-06-25 05:20:30 - Get request made to GetPostsScroll Handler
2025/06/25 05:20:30 [ERROR] 2025-06-25 05:20:30 - No Posts found in GetPostsScroll Handler: 
2025/06/25 05:20:34 [INFO] 2025-06-25 05:20:34 - Verify-token hit
2025/06/25 05:20:34 [INFO] 2025-06-25 05:20:34 - Verify-token hit
2025/06/25 05:20:34 [INFO] 2025-06-25 05:20:34 - Verify-token hit
2025/06/25 05:20:35 [LOG] 2025-06-25 05:20:35 - Get request made to GetPostsScroll Handler
2025/06/25 05:20:35 [INFO] 2025-06-25 05:20:35 - Posts fetched successfully in GetPostsScroll Handler
2025/06/25 05:20:35 [LOG] 2025-06-25 05:20:35 - Get request made to GetPostsScroll Handler
2025/06/25 05:20:35 [INFO] 2025-06-25 05:20:35 - Posts fetched successfully in GetPostsScroll Handler
2025/06/25 05:20:35 [INFO] 2025-06-25 05:20:35 - =========== GetOtherUserProfile called ===========
2025/06/25 05:20:35 [INFO] 2025-06-25 05:20:35 - Authenticated user ID: 1a3b436a-e419-43ab-b433-90785a20fcd1
2025/06/25 05:20:35 [INFO] 2025-06-25 05:20:35 - Requested profile for user ID: 1a3b436a-e419-43ab-b433-90785a20fcd1
2025/06/25 05:20:35 [INFO] 2025-06-25 05:20:35 - =========== GetOtherUserProfile called ===========
2025/06/25 05:20:35 [INFO] 2025-06-25 05:20:35 - Authenticated user ID: 1a3b436a-e419-43ab-b433-90785a20fcd1
2025/06/25 05:20:35 [INFO] 2025-06-25 05:20:35 - Requested profile for user ID: 1a3b436a-e419-43ab-b433-90785a20fcd1
2025/06/25 05:20:35 [INFO] 2025-06-25 05:20:35 - User is viewing their own profile
2025/06/25 05:20:35 [INFO] 2025-06-25 05:20:35 - Profile returned successfully
2025/06/25 05:20:35 [INFO] 2025-06-25 05:20:35 - User is viewing their own profile
2025/06/25 05:20:35 [INFO] 2025-06-25 05:20:35 - Profile returned successfully
2025/06/25 05:20:35 [LOG] 2025-06-25 05:20:35 - Get request made to GetPostsScroll Handler
2025/06/25 05:20:35 [ERROR] 2025-06-25 05:20:35 - No Posts found in GetPostsScroll Handler: 
2025/06/25 05:20:35 [LOG] 2025-06-25 05:20:35 - Get request made to GetPostsScroll Handler
2025/06/25 05:20:35 [ERROR] 2025-06-25 05:20:35 - No Posts found in GetPostsScroll Handler: 
2025/06/25 05:21:49 [INFO] 2025-06-25 05:21:49 - Verify-token hit
2025/06/25 05:21:50 [INFO] 2025-06-25 05:21:50 - =========== GetOtherUserProfile called ===========
2025/06/25 05:21:50 [INFO] 2025-06-25 05:21:50 - Authenticated user ID: 1a3b436a-e419-43ab-b433-90785a20fcd1
2025/06/25 05:21:50 [INFO] 2025-06-25 05:21:50 - Requested profile for user ID: 1a3b436a-e419-43ab-b433-90785a20fcd1
2025/06/25 05:21:50 [INFO] 2025-06-25 05:21:50 - User is viewing their own profile
2025/06/25 05:21:50 [INFO] 2025-06-25 05:21:50 - Profile returned successfully
2025/06/25 05:21:50 [INFO] 2025-06-25 05:21:50 - =========== GetOtherUserProfile called ===========
2025/06/25 05:21:50 [INFO] 2025-06-25 05:21:50 - Authenticated user ID: 1a3b436a-e419-43ab-b433-90785a20fcd1
2025/06/25 05:21:50 [INFO] 2025-06-25 05:21:50 - Requested profile for user ID: 1a3b436a-e419-43ab-b433-90785a20fcd1
2025/06/25 05:21:50 [INFO] 2025-06-25 05:21:50 - User is viewing their own profile
2025/06/25 05:21:50 [INFO] 2025-06-25 05:21:50 - Profile returned successfully
2025/06/25 05:21:50 [LOG] 2025-06-25 05:21:50 - Get request made to GetPostsScroll Handler
2025/06/25 05:21:50 [ERROR] 2025-06-25 05:21:50 - No Posts found in GetPostsScroll Handler: 
2025/06/25 05:21:50 [LOG] 2025-06-25 05:21:50 - Get request made to GetPostsScroll Handler
2025/06/25 05:21:50 [ERROR] 2025-06-25 05:21:50 - No Posts found in GetPostsScroll Handler: 
2025/06/25 05:21:50 [LOG] 2025-06-25 05:21:50 - Get request made to GetPostsScroll Handler
2025/06/25 05:21:50 [INFO] 2025-06-25 05:21:50 - Posts fetched successfully in GetPostsScroll Handler
2025/06/25 05:21:50 [LOG] 2025-06-25 05:21:50 - Get request made to GetPostsScroll Handler
2025/06/25 05:21:50 [INFO] 2025-06-25 05:21:50 - Posts fetched successfully in GetPostsScroll Handler
2025/06/25 05:22:54 [INFO] 2025-06-25 05:22:54 - Starting HTTP server at http://localhost:8080 ...
2025/06/25 05:22:54 [INFO] 2025-06-25 05:22:54 - Migrations applied successfully!
2025/06/25 05:22:57 [INFO] 2025-06-25 05:22:57 - Verify-token hit
2025/06/25 05:22:58 [INFO] 2025-06-25 05:22:58 - =========== GetOtherUserProfile called ===========
2025/06/25 05:22:58 [INFO] 2025-06-25 05:22:58 - Authenticated user ID: 1a3b436a-e419-43ab-b433-90785a20fcd1
2025/06/25 05:22:58 [INFO] 2025-06-25 05:22:58 - Requested profile for user ID: 1a3b436a-e419-43ab-b433-90785a20fcd1
2025/06/25 05:22:58 [INFO] 2025-06-25 05:22:58 - User is viewing their own profile
2025/06/25 05:22:58 [INFO] 2025-06-25 05:22:58 - Profile returned successfully
2025/06/25 05:22:58 [INFO] 2025-06-25 05:22:58 - =========== GetOtherUserProfile called ===========
2025/06/25 05:22:58 [INFO] 2025-06-25 05:22:58 - Authenticated user ID: 1a3b436a-e419-43ab-b433-90785a20fcd1
2025/06/25 05:22:58 [INFO] 2025-06-25 05:22:58 - Requested profile for user ID: 1a3b436a-e419-43ab-b433-90785a20fcd1
2025/06/25 05:22:58 [INFO] 2025-06-25 05:22:58 - User is viewing their own profile
2025/06/25 05:22:58 [INFO] 2025-06-25 05:22:58 - Profile returned successfully
2025/06/25 05:22:58 [LOG] 2025-06-25 05:22:58 - Get request made to GetPostsScroll Handler
2025/06/25 05:22:58 [ERROR] 2025-06-25 05:22:58 - No Posts found in GetPostsScroll Handler: 
2025/06/25 05:22:58 [LOG] 2025-06-25 05:22:58 - Get request made to GetPostsScroll Handler
2025/06/25 05:22:58 [ERROR] 2025-06-25 05:22:58 - No Posts found in GetPostsScroll Handler: 
2025/06/25 05:41:47 [INFO] 2025-06-25 05:41:47 - Verify-token hit
2025/06/25 05:41:48 [INFO] 2025-06-25 05:41:48 - =========== GetOtherUserProfile called ===========
2025/06/25 05:41:48 [INFO] 2025-06-25 05:41:48 - Authenticated user ID: 1a3b436a-e419-43ab-b433-90785a20fcd1
2025/06/25 05:41:48 [INFO] 2025-06-25 05:41:48 - Requested profile for user ID: 1a3b436a-e419-43ab-b433-90785a20fcd1
2025/06/25 05:41:48 [INFO] 2025-06-25 05:41:48 - User is viewing their own profile
2025/06/25 05:41:48 [INFO] 2025-06-25 05:41:48 - Profile returned successfully
2025/06/25 05:41:48 [INFO] 2025-06-25 05:41:48 - =========== GetOtherUserProfile called ===========
2025/06/25 05:41:48 [INFO] 2025-06-25 05:41:48 - Authenticated user ID: 1a3b436a-e419-43ab-b433-90785a20fcd1
2025/06/25 05:41:48 [INFO] 2025-06-25 05:41:48 - Requested profile for user ID: 1a3b436a-e419-43ab-b433-90785a20fcd1
2025/06/25 05:41:48 [INFO] 2025-06-25 05:41:48 - User is viewing their own profile
2025/06/25 05:41:48 [INFO] 2025-06-25 05:41:48 - Profile returned successfully
2025/06/25 05:41:48 [LOG] 2025-06-25 05:41:48 - Get request made to GetPostsScroll Handler
2025/06/25 05:41:48 [ERROR] 2025-06-25 05:41:48 - No Posts found in GetPostsScroll Handler: 
2025/06/25 05:41:48 [LOG] 2025-06-25 05:41:48 - Get request made to GetPostsScroll Handler
2025/06/25 05:41:48 [ERROR] 2025-06-25 05:41:48 - No Posts found in GetPostsScroll Handler: 
2025/06/25 05:41:48 [LOG] 2025-06-25 05:41:48 - Get request made to GetPostsScroll Handler
2025/06/25 05:41:48 [INFO] 2025-06-25 05:41:48 - Posts fetched successfully in GetPostsScroll Handler
2025/06/25 05:41:48 [LOG] 2025-06-25 05:41:48 - Get request made to GetPostsScroll Handler
2025/06/25 05:41:48 [INFO] 2025-06-25 05:41:48 - Posts fetched successfully in GetPostsScroll Handler
2025/06/25 05:42:18 [INFO] 2025-06-25 05:42:18 - Verify-token hit
2025/06/25 05:42:18 [INFO] 2025-06-25 05:42:18 - =========== GetOtherUserProfile called ===========
2025/06/25 05:42:18 [INFO] 2025-06-25 05:42:18 - Authenticated user ID: 1a3b436a-e419-43ab-b433-90785a20fcd1
2025/06/25 05:42:18 [INFO] 2025-06-25 05:42:18 - Requested profile for user ID: 1a3b436a-e419-43ab-b433-90785a20fcd1
2025/06/25 05:42:18 [INFO] 2025-06-25 05:42:18 - =========== GetOtherUserProfile called ===========
2025/06/25 05:42:18 [INFO] 2025-06-25 05:42:18 - Authenticated user ID: 1a3b436a-e419-43ab-b433-90785a20fcd1
2025/06/25 05:42:18 [INFO] 2025-06-25 05:42:18 - Requested profile for user ID: 1a3b436a-e419-43ab-b433-90785a20fcd1
2025/06/25 05:42:18 [INFO] 2025-06-25 05:42:18 - User is viewing their own profile
2025/06/25 05:42:18 [INFO] 2025-06-25 05:42:18 - Profile returned successfully
2025/06/25 05:42:18 [INFO] 2025-06-25 05:42:18 - User is viewing their own profile
2025/06/25 05:42:18 [INFO] 2025-06-25 05:42:18 - Profile returned successfully
2025/06/25 05:42:18 [LOG] 2025-06-25 05:42:18 - Get request made to GetPostsScroll Handler
2025/06/25 05:42:18 [ERROR] 2025-06-25 05:42:18 - No Posts found in GetPostsScroll Handler: 
2025/06/25 05:42:18 [LOG] 2025-06-25 05:42:18 - Get request made to GetPostsScroll Handler
2025/06/25 05:42:18 [ERROR] 2025-06-25 05:42:18 - No Posts found in GetPostsScroll Handler: 
2025/06/25 05:42:24 [ERROR] 2025-06-25 05:42:24 - Error executing query: database is locked
2025/06/25 05:42:24 [ERROR] 2025-06-25 05:42:24 - Error preparing statement: database is locked
2025/06/25 05:42:24 [ERROR] 2025-06-25 05:42:24 - Invalid Token in CheckUserExeting Handler: 
2025/06/25 05:42:24 [ERROR] 2025-06-25 05:42:24 - Invalid Token in CheckUserExeting Handler: 
2025/06/25 05:42:24 [ERROR] 2025-06-25 05:42:24 - Error preparing statement: database is locked
2025/06/25 05:42:24 [ERROR] 2025-06-25 05:42:24 - Invalid Token in CheckUserExeting Handler: 
2025/06/25 05:42:25 [ERROR] 2025-06-25 05:42:25 - Error preparing statement: database is locked
2025/06/25 05:42:25 [ERROR] 2025-06-25 05:42:25 - Invalid Token in CheckUserExeting Handler: 
2025/06/25 05:42:25 [ERROR] 2025-06-25 05:42:25 - Error preparing statement: database is locked
2025/06/25 05:42:25 [ERROR] 2025-06-25 05:42:25 - Invalid Token in CheckUserExeting Handler: 
2025/06/25 05:42:29 [INFO] 2025-06-25 05:42:29 - Starting HTTP server at http://localhost:8080 ...
2025/06/25 05:42:29 [INFO] 2025-06-25 05:42:29 - Migrations applied successfully!
2025/06/25 05:42:32 [INFO] 2025-06-25 05:42:32 - Verify-token hit
2025/06/25 05:42:32 [INFO] 2025-06-25 05:42:32 - =========== GetOtherUserProfile called ===========
2025/06/25 05:42:32 [INFO] 2025-06-25 05:42:32 - Authenticated user ID: 1a3b436a-e419-43ab-b433-90785a20fcd1
2025/06/25 05:42:32 [INFO] 2025-06-25 05:42:32 - Requested profile for user ID: 1a3b436a-e419-43ab-b433-90785a20fcd1
2025/06/25 05:42:32 [INFO] 2025-06-25 05:42:32 - User is viewing their own profile
2025/06/25 05:42:32 [INFO] 2025-06-25 05:42:32 - Profile returned successfully
2025/06/25 05:42:32 [INFO] 2025-06-25 05:42:32 - =========== GetOtherUserProfile called ===========
2025/06/25 05:42:32 [INFO] 2025-06-25 05:42:32 - Authenticated user ID: 1a3b436a-e419-43ab-b433-90785a20fcd1
2025/06/25 05:42:32 [INFO] 2025-06-25 05:42:32 - Requested profile for user ID: 1a3b436a-e419-43ab-b433-90785a20fcd1
2025/06/25 05:42:32 [INFO] 2025-06-25 05:42:32 - User is viewing their own profile
2025/06/25 05:42:32 [INFO] 2025-06-25 05:42:32 - Profile returned successfully
2025/06/25 05:42:32 [LOG] 2025-06-25 05:42:32 - Get request made to GetPostsScroll Handler
2025/06/25 05:42:32 [ERROR] 2025-06-25 05:42:32 - No Posts found in GetPostsScroll Handler: 
2025/06/25 05:42:32 [LOG] 2025-06-25 05:42:32 - Get request made to GetPostsScroll Handler
2025/06/25 05:42:32 [ERROR] 2025-06-25 05:42:32 - No Posts found in GetPostsScroll Handler: 
2025/06/25 05:42:40 [INFO] 2025-06-25 05:42:40 - Verify-token hit
2025/06/25 05:42:41 [INFO] 2025-06-25 05:42:41 - =========== GetOtherUserProfile called ===========
2025/06/25 05:42:41 [INFO] 2025-06-25 05:42:41 - Authenticated user ID: 1a3b436a-e419-43ab-b433-90785a20fcd1
2025/06/25 05:42:41 [INFO] 2025-06-25 05:42:41 - Requested profile for user ID: 1a3b436a-e419-43ab-b433-90785a20fcd1
2025/06/25 05:42:41 [INFO] 2025-06-25 05:42:41 - User is viewing their own profile
2025/06/25 05:42:41 [INFO] 2025-06-25 05:42:41 - Profile returned successfully
2025/06/25 05:42:41 [INFO] 2025-06-25 05:42:41 - =========== GetOtherUserProfile called ===========
2025/06/25 05:42:41 [INFO] 2025-06-25 05:42:41 - Authenticated user ID: 1a3b436a-e419-43ab-b433-90785a20fcd1
2025/06/25 05:42:41 [INFO] 2025-06-25 05:42:41 - Requested profile for user ID: 1a3b436a-e419-43ab-b433-90785a20fcd1
2025/06/25 05:42:41 [INFO] 2025-06-25 05:42:41 - User is viewing their own profile
2025/06/25 05:42:41 [INFO] 2025-06-25 05:42:41 - Profile returned successfully
2025/06/25 05:42:41 [LOG] 2025-06-25 05:42:41 - Get request made to GetPostsScroll Handler
2025/06/25 05:42:41 [ERROR] 2025-06-25 05:42:41 - No Posts found in GetPostsScroll Handler: 
2025/06/25 05:42:41 [LOG] 2025-06-25 05:42:41 - Get request made to GetPostsScroll Handler
2025/06/25 05:42:41 [ERROR] 2025-06-25 05:42:41 - No Posts found in GetPostsScroll Handler: 
2025/06/25 05:42:41 [LOG] 2025-06-25 05:42:41 - Get request made to GetPostsScroll Handler
2025/06/25 05:42:41 [INFO] 2025-06-25 05:42:41 - Posts fetched successfully in GetPostsScroll Handler
2025/06/25 05:42:41 [LOG] 2025-06-25 05:42:41 - Get request made to GetPostsScroll Handler
2025/06/25 05:42:41 [INFO] 2025-06-25 05:42:41 - Posts fetched successfully in GetPostsScroll Handler
2025/06/25 05:42:43 [INFO] 2025-06-25 05:42:43 - Verify-token hit
2025/06/25 05:42:44 [INFO] 2025-06-25 05:42:44 - =========== GetOtherUserProfile called ===========
2025/06/25 05:42:44 [INFO] 2025-06-25 05:42:44 - Authenticated user ID: 1a3b436a-e419-43ab-b433-90785a20fcd1
2025/06/25 05:42:44 [INFO] 2025-06-25 05:42:44 - Requested profile for user ID: 1a3b436a-e419-43ab-b433-90785a20fcd1
2025/06/25 05:42:44 [INFO] 2025-06-25 05:42:44 - User is viewing their own profile
2025/06/25 05:42:44 [INFO] 2025-06-25 05:42:44 - Profile returned successfully
2025/06/25 05:42:44 [INFO] 2025-06-25 05:42:44 - =========== GetOtherUserProfile called ===========
2025/06/25 05:42:44 [INFO] 2025-06-25 05:42:44 - Authenticated user ID: 1a3b436a-e419-43ab-b433-90785a20fcd1
2025/06/25 05:42:44 [INFO] 2025-06-25 05:42:44 - Requested profile for user ID: 1a3b436a-e419-43ab-b433-90785a20fcd1
2025/06/25 05:42:44 [INFO] 2025-06-25 05:42:44 - User is viewing their own profile
2025/06/25 05:42:44 [INFO] 2025-06-25 05:42:44 - Profile returned successfully
2025/06/25 05:42:44 [LOG] 2025-06-25 05:42:44 - Get request made to GetPostsScroll Handler
2025/06/25 05:42:44 [LOG] 2025-06-25 05:42:44 - Get request made to GetPostsScroll Handler
2025/06/25 05:42:44 [ERROR] 2025-06-25 05:42:44 - No Posts found in GetPostsScroll Handler: 
2025/06/25 05:42:44 [ERROR] 2025-06-25 05:42:44 - No Posts found in GetPostsScroll Handler: 
2025/06/25 05:42:44 [LOG] 2025-06-25 05:42:44 - Get request made to GetPostsScroll Handler
2025/06/25 05:42:44 [INFO] 2025-06-25 05:42:44 - Posts fetched successfully in GetPostsScroll Handler
2025/06/25 05:42:44 [LOG] 2025-06-25 05:42:44 - Get request made to GetPostsScroll Handler
2025/06/25 05:42:44 [INFO] 2025-06-25 05:42:44 - Posts fetched successfully in GetPostsScroll Handler
2025/06/25 05:42:46 [INFO] 2025-06-25 05:42:46 - Verify-token hit
2025/06/25 05:42:47 [INFO] 2025-06-25 05:42:47 - =========== GetOtherUserProfile called ===========
2025/06/25 05:42:47 [INFO] 2025-06-25 05:42:47 - Authenticated user ID: 1a3b436a-e419-43ab-b433-90785a20fcd1
2025/06/25 05:42:47 [INFO] 2025-06-25 05:42:47 - Requested profile for user ID: 1a3b436a-e419-43ab-b433-90785a20fcd1
2025/06/25 05:42:47 [INFO] 2025-06-25 05:42:47 - User is viewing their own profile
2025/06/25 05:42:47 [INFO] 2025-06-25 05:42:47 - Profile returned successfully
2025/06/25 05:42:47 [INFO] 2025-06-25 05:42:47 - =========== GetOtherUserProfile called ===========
2025/06/25 05:42:47 [INFO] 2025-06-25 05:42:47 - Authenticated user ID: 1a3b436a-e419-43ab-b433-90785a20fcd1
2025/06/25 05:42:47 [INFO] 2025-06-25 05:42:47 - Requested profile for user ID: 1a3b436a-e419-43ab-b433-90785a20fcd1
2025/06/25 05:42:47 [INFO] 2025-06-25 05:42:47 - User is viewing their own profile
2025/06/25 05:42:47 [INFO] 2025-06-25 05:42:47 - Profile returned successfully
2025/06/25 05:42:47 [LOG] 2025-06-25 05:42:47 - Get request made to GetPostsScroll Handler
2025/06/25 05:42:47 [ERROR] 2025-06-25 05:42:47 - No Posts found in GetPostsScroll Handler: 
2025/06/25 05:42:47 [LOG] 2025-06-25 05:42:47 - Get request made to GetPostsScroll Handler
2025/06/25 05:42:47 [ERROR] 2025-06-25 05:42:47 - No Posts found in GetPostsScroll Handler: 
2025/06/25 05:42:47 [LOG] 2025-06-25 05:42:47 - Get request made to GetPostsScroll Handler
2025/06/25 05:42:47 [INFO] 2025-06-25 05:42:47 - Posts fetched successfully in GetPostsScroll Handler
2025/06/25 05:42:47 [LOG] 2025-06-25 05:42:47 - Get request made to GetPostsScroll Handler
2025/06/25 05:42:47 [INFO] 2025-06-25 05:42:47 - Posts fetched successfully in GetPostsScroll Handler
2025/06/25 05:42:52 [INFO] 2025-06-25 05:42:52 - Verify-token hit
2025/06/25 05:42:53 [INFO] 2025-06-25 05:42:53 - Verify-token hit
2025/06/25 05:42:54 [INFO] 2025-06-25 05:42:54 - =========== GetOtherUserProfile called ===========
2025/06/25 05:42:54 [INFO] 2025-06-25 05:42:54 - Authenticated user ID: 1a3b436a-e419-43ab-b433-90785a20fcd1
2025/06/25 05:42:54 [INFO] 2025-06-25 05:42:54 - Requested profile for user ID: 1a3b436a-e419-43ab-b433-90785a20fcd1
2025/06/25 05:42:54 [INFO] 2025-06-25 05:42:54 - User is viewing their own profile
2025/06/25 05:42:54 [INFO] 2025-06-25 05:42:54 - Profile returned successfully
2025/06/25 05:42:54 [INFO] 2025-06-25 05:42:54 - =========== GetOtherUserProfile called ===========
2025/06/25 05:42:54 [INFO] 2025-06-25 05:42:54 - Authenticated user ID: 1a3b436a-e419-43ab-b433-90785a20fcd1
2025/06/25 05:42:54 [INFO] 2025-06-25 05:42:54 - Requested profile for user ID: 1a3b436a-e419-43ab-b433-90785a20fcd1
2025/06/25 05:42:54 [INFO] 2025-06-25 05:42:54 - User is viewing their own profile
2025/06/25 05:42:54 [INFO] 2025-06-25 05:42:54 - Profile returned successfully
2025/06/25 05:42:54 [LOG] 2025-06-25 05:42:54 - Get request made to GetPostsScroll Handler
2025/06/25 05:42:54 [ERROR] 2025-06-25 05:42:54 - No Posts found in GetPostsScroll Handler: 
2025/06/25 05:42:54 [LOG] 2025-06-25 05:42:54 - Get request made to GetPostsScroll Handler
2025/06/25 05:42:54 [ERROR] 2025-06-25 05:42:54 - No Posts found in GetPostsScroll Handler: 
2025/06/25 05:42:55 [LOG] 2025-06-25 05:42:55 - Get request made to GetPostsScroll Handler
2025/06/25 05:42:55 [INFO] 2025-06-25 05:42:55 - Posts fetched successfully in GetPostsScroll Handler
2025/06/25 05:42:55 [LOG] 2025-06-25 05:42:55 - Get request made to GetPostsScroll Handler
2025/06/25 05:42:55 [INFO] 2025-06-25 05:42:55 - Posts fetched successfully in GetPostsScroll Handler
2025/06/25 05:43:05 [INFO] 2025-06-25 05:43:05 - Verify-token hit
2025/06/25 05:43:06 [INFO] 2025-06-25 05:43:06 - =========== GetOtherUserProfile called ===========
2025/06/25 05:43:06 [INFO] 2025-06-25 05:43:06 - Authenticated user ID: 1a3b436a-e419-43ab-b433-90785a20fcd1
2025/06/25 05:43:06 [INFO] 2025-06-25 05:43:06 - Requested profile for user ID: 1a3b436a-e419-43ab-b433-90785a20fcd1
2025/06/25 05:43:06 [INFO] 2025-06-25 05:43:06 - =========== GetOtherUserProfile called ===========
2025/06/25 05:43:06 [INFO] 2025-06-25 05:43:06 - Authenticated user ID: 1a3b436a-e419-43ab-b433-90785a20fcd1
2025/06/25 05:43:06 [INFO] 2025-06-25 05:43:06 - Requested profile for user ID: 1a3b436a-e419-43ab-b433-90785a20fcd1
2025/06/25 05:43:06 [INFO] 2025-06-25 05:43:06 - User is viewing their own profile
2025/06/25 05:43:06 [INFO] 2025-06-25 05:43:06 - Profile returned successfully
2025/06/25 05:43:06 [INFO] 2025-06-25 05:43:06 - User is viewing their own profile
2025/06/25 05:43:06 [INFO] 2025-06-25 05:43:06 - Profile returned successfully
2025/06/25 05:43:06 [LOG] 2025-06-25 05:43:06 - Get request made to GetPostsScroll Handler
2025/06/25 05:43:06 [ERROR] 2025-06-25 05:43:06 - No Posts found in GetPostsScroll Handler: 
2025/06/25 05:43:06 [LOG] 2025-06-25 05:43:06 - Get request made to GetPostsScroll Handler
2025/06/25 05:43:06 [ERROR] 2025-06-25 05:43:06 - No Posts found in GetPostsScroll Handler: 
2025/06/25 05:43:06 [LOG] 2025-06-25 05:43:06 - Get request made to GetPostsScroll Handler
2025/06/25 05:43:06 [INFO] 2025-06-25 05:43:06 - Posts fetched successfully in GetPostsScroll Handler
2025/06/25 05:43:06 [LOG] 2025-06-25 05:43:06 - Get request made to GetPostsScroll Handler
2025/06/25 05:43:06 [INFO] 2025-06-25 05:43:06 - Posts fetched successfully in GetPostsScroll Handler
2025/06/25 05:43:10 [INFO] 2025-06-25 05:43:10 - Verify-token hit
2025/06/25 05:43:11 [INFO] 2025-06-25 05:43:11 - =========== GetOtherUserProfile called ===========
2025/06/25 05:43:11 [INFO] 2025-06-25 05:43:11 - Authenticated user ID: 1a3b436a-e419-43ab-b433-90785a20fcd1
2025/06/25 05:43:11 [INFO] 2025-06-25 05:43:11 - Requested profile for user ID: 1a3b436a-e419-43ab-b433-90785a20fcd1
2025/06/25 05:43:11 [INFO] 2025-06-25 05:43:11 - User is viewing their own profile
2025/06/25 05:43:11 [INFO] 2025-06-25 05:43:11 - Profile returned successfully
2025/06/25 05:43:11 [INFO] 2025-06-25 05:43:11 - =========== GetOtherUserProfile called ===========
2025/06/25 05:43:11 [INFO] 2025-06-25 05:43:11 - Authenticated user ID: 1a3b436a-e419-43ab-b433-90785a20fcd1
2025/06/25 05:43:11 [INFO] 2025-06-25 05:43:11 - Requested profile for user ID: 1a3b436a-e419-43ab-b433-90785a20fcd1
2025/06/25 05:43:11 [INFO] 2025-06-25 05:43:11 - User is viewing their own profile
2025/06/25 05:43:11 [INFO] 2025-06-25 05:43:11 - Profile returned successfully
2025/06/25 05:43:11 [LOG] 2025-06-25 05:43:11 - Get request made to GetPostsScroll Handler
2025/06/25 05:43:11 [ERROR] 2025-06-25 05:43:11 - No Posts found in GetPostsScroll Handler: 
2025/06/25 05:43:11 [LOG] 2025-06-25 05:43:11 - Get request made to GetPostsScroll Handler
2025/06/25 05:43:11 [ERROR] 2025-06-25 05:43:11 - No Posts found in GetPostsScroll Handler: 
2025/06/25 05:43:17 [INFO] 2025-06-25 05:43:17 - Verify-token hit
2025/06/25 05:43:19 [INFO] 2025-06-25 05:43:19 - Verify-token hit
2025/06/25 05:43:20 [INFO] 2025-06-25 05:43:20 - =========== GetOtherUserProfile called ===========
2025/06/25 05:43:20 [INFO] 2025-06-25 05:43:20 - Authenticated user ID: 1a3b436a-e419-43ab-b433-90785a20fcd1
2025/06/25 05:43:20 [INFO] 2025-06-25 05:43:20 - Requested profile for user ID: 1a3b436a-e419-43ab-b433-90785a20fcd1
2025/06/25 05:43:20 [INFO] 2025-06-25 05:43:20 - User is viewing their own profile
2025/06/25 05:43:20 [INFO] 2025-06-25 05:43:20 - Profile returned successfully
2025/06/25 05:43:20 [INFO] 2025-06-25 05:43:20 - =========== GetOtherUserProfile called ===========
2025/06/25 05:43:20 [INFO] 2025-06-25 05:43:20 - Authenticated user ID: 1a3b436a-e419-43ab-b433-90785a20fcd1
2025/06/25 05:43:20 [INFO] 2025-06-25 05:43:20 - Requested profile for user ID: 1a3b436a-e419-43ab-b433-90785a20fcd1
2025/06/25 05:43:20 [INFO] 2025-06-25 05:43:20 - User is viewing their own profile
2025/06/25 05:43:20 [INFO] 2025-06-25 05:43:20 - Profile returned successfully
2025/06/25 05:43:20 [LOG] 2025-06-25 05:43:20 - Get request made to GetPostsScroll Handler
2025/06/25 05:43:20 [ERROR] 2025-06-25 05:43:20 - No Posts found in GetPostsScroll Handler: 
2025/06/25 05:43:20 [LOG] 2025-06-25 05:43:20 - Get request made to GetPostsScroll Handler
2025/06/25 05:43:20 [ERROR] 2025-06-25 05:43:20 - No Posts found in GetPostsScroll Handler: 
2025/06/25 05:43:20 [LOG] 2025-06-25 05:43:20 - Get request made to GetPostsScroll Handler
2025/06/25 05:43:20 [INFO] 2025-06-25 05:43:20 - Posts fetched successfully in GetPostsScroll Handler
2025/06/25 05:43:20 [LOG] 2025-06-25 05:43:20 - Get request made to GetPostsScroll Handler
2025/06/25 05:43:20 [INFO] 2025-06-25 05:43:20 - Posts fetched successfully in GetPostsScroll Handler
2025/06/25 05:43:59 [INFO] 2025-06-25 05:43:59 - Starting HTTP server at http://localhost:8080 ...
2025/06/25 05:43:59 [INFO] 2025-06-25 05:43:59 - Migrations applied successfully!
2025/06/25 05:44:01 [INFO] 2025-06-25 05:44:01 - Verify-token hit
2025/06/25 05:44:01 [INFO] 2025-06-25 05:44:01 - =========== GetOtherUserProfile called ===========
2025/06/25 05:44:01 [INFO] 2025-06-25 05:44:01 - Authenticated user ID: 1a3b436a-e419-43ab-b433-90785a20fcd1
2025/06/25 05:44:01 [INFO] 2025-06-25 05:44:01 - Requested profile for user ID: 1a3b436a-e419-43ab-b433-90785a20fcd1
2025/06/25 05:44:01 [INFO] 2025-06-25 05:44:01 - User is viewing their own profile
2025/06/25 05:44:01 [INFO] 2025-06-25 05:44:01 - Profile returned successfully
2025/06/25 05:44:02 [INFO] 2025-06-25 05:44:02 - =========== GetOtherUserProfile called ===========
2025/06/25 05:44:02 [INFO] 2025-06-25 05:44:02 - Authenticated user ID: 1a3b436a-e419-43ab-b433-90785a20fcd1
2025/06/25 05:44:02 [INFO] 2025-06-25 05:44:02 - Requested profile for user ID: 1a3b436a-e419-43ab-b433-90785a20fcd1
2025/06/25 05:44:02 [INFO] 2025-06-25 05:44:02 - User is viewing their own profile
2025/06/25 05:44:02 [INFO] 2025-06-25 05:44:02 - Profile returned successfully
2025/06/25 05:44:02 [LOG] 2025-06-25 05:44:02 - Get request made to GetPostsScroll Handler
2025/06/25 05:44:02 [ERROR] 2025-06-25 05:44:02 - No Posts found in GetPostsScroll Handler: 
2025/06/25 05:44:02 [LOG] 2025-06-25 05:44:02 - Get request made to GetPostsScroll Handler
2025/06/25 05:44:02 [ERROR] 2025-06-25 05:44:02 - No Posts found in GetPostsScroll Handler: 
2025/06/25 05:44:37 [INFO] 2025-06-25 05:44:37 - Starting HTTP server at http://localhost:8080 ...
2025/06/25 05:44:37 [INFO] 2025-06-25 05:44:37 - Migrations applied successfully!
2025/06/25 05:44:40 [INFO] 2025-06-25 05:44:40 - Verify-token hit
2025/06/25 05:44:40 [INFO] 2025-06-25 05:44:40 - =========== GetOtherUserProfile called ===========
2025/06/25 05:44:40 [INFO] 2025-06-25 05:44:40 - Authenticated user ID: 1a3b436a-e419-43ab-b433-90785a20fcd1
2025/06/25 05:44:40 [INFO] 2025-06-25 05:44:40 - Requested profile for user ID: 1a3b436a-e419-43ab-b433-90785a20fcd1
2025/06/25 05:44:40 [INFO] 2025-06-25 05:44:40 - User is viewing their own profile
2025/06/25 05:44:40 [INFO] 2025-06-25 05:44:40 - Profile returned successfully
2025/06/25 05:44:40 [INFO] 2025-06-25 05:44:40 - =========== GetOtherUserProfile called ===========
2025/06/25 05:44:40 [INFO] 2025-06-25 05:44:40 - Authenticated user ID: 1a3b436a-e419-43ab-b433-90785a20fcd1
2025/06/25 05:44:40 [INFO] 2025-06-25 05:44:40 - Requested profile for user ID: 1a3b436a-e419-43ab-b433-90785a20fcd1
2025/06/25 05:44:40 [INFO] 2025-06-25 05:44:40 - User is viewing their own profile
2025/06/25 05:44:40 [INFO] 2025-06-25 05:44:40 - Profile returned successfully
2025/06/25 05:44:40 [LOG] 2025-06-25 05:44:40 - Get request made to GetPostsScroll Handler
2025/06/25 05:44:40 [ERROR] 2025-06-25 05:44:40 - No Posts found in GetPostsScroll Handler: 
2025/06/25 05:44:40 [LOG] 2025-06-25 05:44:40 - Get request made to GetPostsScroll Handler
2025/06/25 05:44:40 [ERROR] 2025-06-25 05:44:40 - No Posts found in GetPostsScroll Handler: 
2025/06/25 05:44:42 [INFO] 2025-06-25 05:44:42 - Verify-token hit
2025/06/25 05:44:42 [INFO] 2025-06-25 05:44:42 - =========== GetOtherUserProfile called ===========
2025/06/25 05:44:42 [INFO] 2025-06-25 05:44:42 - Authenticated user ID: 1a3b436a-e419-43ab-b433-90785a20fcd1
2025/06/25 05:44:42 [INFO] 2025-06-25 05:44:42 - Requested profile for user ID: 1a3b436a-e419-43ab-b433-90785a20fcd1
2025/06/25 05:44:42 [INFO] 2025-06-25 05:44:42 - User is viewing their own profile
2025/06/25 05:44:42 [INFO] 2025-06-25 05:44:42 - Profile returned successfully
2025/06/25 05:44:42 [INFO] 2025-06-25 05:44:42 - =========== GetOtherUserProfile called ===========
2025/06/25 05:44:42 [INFO] 2025-06-25 05:44:42 - Authenticated user ID: 1a3b436a-e419-43ab-b433-90785a20fcd1
2025/06/25 05:44:42 [INFO] 2025-06-25 05:44:42 - Requested profile for user ID: 1a3b436a-e419-43ab-b433-90785a20fcd1
2025/06/25 05:44:42 [INFO] 2025-06-25 05:44:42 - User is viewing their own profile
2025/06/25 05:44:42 [INFO] 2025-06-25 05:44:42 - Profile returned successfully
2025/06/25 05:44:42 [LOG] 2025-06-25 05:44:42 - Get request made to GetPostsScroll Handler
2025/06/25 05:44:42 [ERROR] 2025-06-25 05:44:42 - No Posts found in GetPostsScroll Handler: 
2025/06/25 05:44:42 [LOG] 2025-06-25 05:44:42 - Get request made to GetPostsScroll Handler
2025/06/25 05:44:42 [ERROR] 2025-06-25 05:44:42 - No Posts found in GetPostsScroll Handler: 
2025/06/25 05:44:47 [LOG] 2025-06-25 05:44:47 - Get request made to GetPostsScroll Handler
2025/06/25 05:44:47 [INFO] 2025-06-25 05:44:47 - Posts fetched successfully in GetPostsScroll Handler
2025/06/25 05:44:47 [LOG] 2025-06-25 05:44:47 - Get request made to GetPostsScroll Handler
2025/06/25 05:44:47 [INFO] 2025-06-25 05:44:47 - Posts fetched successfully in GetPostsScroll Handler
2025/06/25 05:44:50 [INFO] 2025-06-25 05:44:50 - Verify-token hit
2025/06/25 05:44:53 [INFO] 2025-06-25 05:44:53 - Verify-token hit
2025/06/25 05:44:58 [INFO] 2025-06-25 05:44:58 - Verify-token hit
2025/06/25 05:45:02 [INFO] 2025-06-25 05:45:02 - Verify-token hit
2025/06/25 05:45:02 [INFO] 2025-06-25 05:45:02 - =========== GetOtherUserProfile called ===========
2025/06/25 05:45:02 [INFO] 2025-06-25 05:45:02 - Authenticated user ID: 1d9d1a62-c50d-4e08-8a96-d84b0bc615c5
2025/06/25 05:45:02 [INFO] 2025-06-25 05:45:02 - Requested profile for user ID: 1d9d1a62-c50d-4e08-8a96-d84b0bc615c5
2025/06/25 05:45:02 [INFO] 2025-06-25 05:45:02 - User is viewing their own profile
2025/06/25 05:45:02 [INFO] 2025-06-25 05:45:02 - Profile returned successfully
2025/06/25 05:45:02 [INFO] 2025-06-25 05:45:02 - =========== GetOtherUserProfile called ===========
2025/06/25 05:45:02 [INFO] 2025-06-25 05:45:02 - Authenticated user ID: 1d9d1a62-c50d-4e08-8a96-d84b0bc615c5
2025/06/25 05:45:02 [INFO] 2025-06-25 05:45:02 - Requested profile for user ID: 1d9d1a62-c50d-4e08-8a96-d84b0bc615c5
2025/06/25 05:45:02 [INFO] 2025-06-25 05:45:02 - User is viewing their own profile
2025/06/25 05:45:02 [INFO] 2025-06-25 05:45:02 - Profile returned successfully
2025/06/25 05:45:02 [LOG] 2025-06-25 05:45:02 - Get request made to GetPostsScroll Handler
2025/06/25 05:45:02 [ERROR] 2025-06-25 05:45:02 - No Posts found in GetPostsScroll Handler: 
2025/06/25 05:45:02 [LOG] 2025-06-25 05:45:02 - Get request made to GetPostsScroll Handler
2025/06/25 05:45:02 [ERROR] 2025-06-25 05:45:02 - No Posts found in GetPostsScroll Handler: 
2025/06/25 05:45:08 [INFO] 2025-06-25 05:45:08 - Verify-token hit
2025/06/25 05:45:09 [INFO] 2025-06-25 05:45:09 - =========== GetOtherUserProfile called ===========
2025/06/25 05:45:09 [INFO] 2025-06-25 05:45:09 - Authenticated user ID: 1d9d1a62-c50d-4e08-8a96-d84b0bc615c5
2025/06/25 05:45:09 [INFO] 2025-06-25 05:45:09 - Requested profile for user ID: 1d9d1a62-c50d-4e08-8a96-d84b0bc615c5
2025/06/25 05:45:09 [INFO] 2025-06-25 05:45:09 - User is viewing their own profile
2025/06/25 05:45:09 [INFO] 2025-06-25 05:45:09 - Profile returned successfully
2025/06/25 05:45:09 [INFO] 2025-06-25 05:45:09 - =========== GetOtherUserProfile called ===========
2025/06/25 05:45:09 [INFO] 2025-06-25 05:45:09 - Authenticated user ID: 1d9d1a62-c50d-4e08-8a96-d84b0bc615c5
2025/06/25 05:45:09 [INFO] 2025-06-25 05:45:09 - Requested profile for user ID: 1d9d1a62-c50d-4e08-8a96-d84b0bc615c5
2025/06/25 05:45:09 [INFO] 2025-06-25 05:45:09 - User is viewing their own profile
2025/06/25 05:45:09 [INFO] 2025-06-25 05:45:09 - Profile returned successfully
2025/06/25 05:45:09 [LOG] 2025-06-25 05:45:09 - Get request made to GetPostsScroll Handler
2025/06/25 05:45:09 [ERROR] 2025-06-25 05:45:09 - No Posts found in GetPostsScroll Handler: 
2025/06/25 05:45:09 [LOG] 2025-06-25 05:45:09 - Get request made to GetPostsScroll Handler
2025/06/25 05:45:09 [ERROR] 2025-06-25 05:45:09 - No Posts found in GetPostsScroll Handler: 
2025/06/25 05:45:11 [INFO] 2025-06-25 05:45:11 - Verify-token hit
2025/06/25 05:45:12 [INFO] 2025-06-25 05:45:12 - Sent notification via WS to 1a3b436a-e419-43ab-b433-90785a20fcd1
2025/06/25 05:45:16 [INFO] 2025-06-25 05:45:16 - Verify-token hit
2025/06/25 05:45:17 [INFO] 2025-06-25 05:45:17 - =========== GetOtherUserProfile called ===========
2025/06/25 05:45:17 [INFO] 2025-06-25 05:45:17 - Authenticated user ID: 1a3b436a-e419-43ab-b433-90785a20fcd1
2025/06/25 05:45:17 [INFO] 2025-06-25 05:45:17 - Requested profile for user ID: 1a3b436a-e419-43ab-b433-90785a20fcd1
2025/06/25 05:45:17 [INFO] 2025-06-25 05:45:17 - User is viewing their own profile
2025/06/25 05:45:17 [INFO] 2025-06-25 05:45:17 - Profile returned successfully
2025/06/25 05:45:17 [INFO] 2025-06-25 05:45:17 - =========== GetOtherUserProfile called ===========
2025/06/25 05:45:17 [INFO] 2025-06-25 05:45:17 - Authenticated user ID: 1a3b436a-e419-43ab-b433-90785a20fcd1
2025/06/25 05:45:17 [INFO] 2025-06-25 05:45:17 - Requested profile for user ID: 1a3b436a-e419-43ab-b433-90785a20fcd1
2025/06/25 05:45:17 [INFO] 2025-06-25 05:45:17 - User is viewing their own profile
2025/06/25 05:45:17 [INFO] 2025-06-25 05:45:17 - Profile returned successfully
2025/06/25 05:45:17 [LOG] 2025-06-25 05:45:17 - Get request made to GetPostsScroll Handler
2025/06/25 05:45:17 [ERROR] 2025-06-25 05:45:17 - No Posts found in GetPostsScroll Handler: 
2025/06/25 05:45:17 [LOG] 2025-06-25 05:45:17 - Get request made to GetPostsScroll Handler
2025/06/25 05:45:17 [ERROR] 2025-06-25 05:45:17 - No Posts found in GetPostsScroll Handler: 
2025/06/25 05:46:01 [INFO] 2025-06-25 05:46:01 - Starting HTTP server at http://localhost:8080 ...
2025/06/25 05:46:01 [INFO] 2025-06-25 05:46:01 - Migrations applied successfully!
2025/06/25 05:46:04 [INFO] 2025-06-25 05:46:04 - Verify-token hit
2025/06/25 05:46:13 [INFO] 2025-06-25 05:46:13 - Verify-token hit
2025/06/25 05:46:13 [INFO] 2025-06-25 05:46:13 - =========== GetOtherUserProfile called ===========
2025/06/25 05:46:13 [INFO] 2025-06-25 05:46:13 - Authenticated user ID: 1d9d1a62-c50d-4e08-8a96-d84b0bc615c5
2025/06/25 05:46:13 [INFO] 2025-06-25 05:46:13 - Requested profile for user ID: 1d9d1a62-c50d-4e08-8a96-d84b0bc615c5
2025/06/25 05:46:13 [INFO] 2025-06-25 05:46:13 - User is viewing their own profile
2025/06/25 05:46:13 [INFO] 2025-06-25 05:46:13 - Profile returned successfully
2025/06/25 05:46:13 [INFO] 2025-06-25 05:46:13 - =========== GetOtherUserProfile called ===========
2025/06/25 05:46:13 [INFO] 2025-06-25 05:46:13 - Authenticated user ID: 1d9d1a62-c50d-4e08-8a96-d84b0bc615c5
2025/06/25 05:46:13 [INFO] 2025-06-25 05:46:13 - Requested profile for user ID: 1d9d1a62-c50d-4e08-8a96-d84b0bc615c5
2025/06/25 05:46:13 [INFO] 2025-06-25 05:46:13 - User is viewing their own profile
2025/06/25 05:46:13 [INFO] 2025-06-25 05:46:13 - Profile returned successfully
2025/06/25 05:46:13 [LOG] 2025-06-25 05:46:13 - Get request made to GetPostsScroll Handler
2025/06/25 05:46:13 [ERROR] 2025-06-25 05:46:13 - No Posts found in GetPostsScroll Handler: 
2025/06/25 05:46:13 [LOG] 2025-06-25 05:46:13 - Get request made to GetPostsScroll Handler
2025/06/25 05:46:13 [ERROR] 2025-06-25 05:46:13 - No Posts found in GetPostsScroll Handler: 
2025/06/25 05:46:17 [INFO] 2025-06-25 05:46:17 - Notification deleted from db
2025/06/25 05:46:17 [INFO] 2025-06-25 05:46:17 - User 1d9d1a62-c50d-4e08-8a96-d84b0bc615c5 not connected, notification saved to DB
2025/06/25 05:46:22 [INFO] 2025-06-25 05:46:22 - Verify-token hit
2025/06/25 05:46:22 [INFO] 2025-06-25 05:46:22 - =========== GetOtherUserProfile called ===========
2025/06/25 05:46:22 [INFO] 2025-06-25 05:46:22 - Authenticated user ID: 1d9d1a62-c50d-4e08-8a96-d84b0bc615c5
2025/06/25 05:46:22 [INFO] 2025-06-25 05:46:22 - Requested profile for user ID: 1d9d1a62-c50d-4e08-8a96-d84b0bc615c5
2025/06/25 05:46:22 [INFO] 2025-06-25 05:46:22 - User is viewing their own profile
2025/06/25 05:46:22 [INFO] 2025-06-25 05:46:22 - Profile returned successfully
2025/06/25 05:46:22 [INFO] 2025-06-25 05:46:22 - =========== GetOtherUserProfile called ===========
2025/06/25 05:46:22 [INFO] 2025-06-25 05:46:22 - Authenticated user ID: 1d9d1a62-c50d-4e08-8a96-d84b0bc615c5
2025/06/25 05:46:22 [INFO] 2025-06-25 05:46:22 - Requested profile for user ID: 1d9d1a62-c50d-4e08-8a96-d84b0bc615c5
2025/06/25 05:46:22 [INFO] 2025-06-25 05:46:22 - User is viewing their own profile
2025/06/25 05:46:22 [INFO] 2025-06-25 05:46:22 - Profile returned successfully
2025/06/25 05:46:22 [LOG] 2025-06-25 05:46:22 - Get request made to GetPostsScroll Handler
2025/06/25 05:46:22 [ERROR] 2025-06-25 05:46:22 - No Posts found in GetPostsScroll Handler: 
2025/06/25 05:46:22 [LOG] 2025-06-25 05:46:22 - Get request made to GetPostsScroll Handler
2025/06/25 05:46:22 [ERROR] 2025-06-25 05:46:22 - No Posts found in GetPostsScroll Handler: 
2025/06/25 05:47:21 [INFO] 2025-06-25 05:47:21 - Starting HTTP server at http://localhost:8080 ...
2025/06/25 05:47:21 [INFO] 2025-06-25 05:47:21 - Migrations applied successfully!
2025/06/25 05:47:24 [INFO] 2025-06-25 05:47:24 - Verify-token hit
2025/06/25 05:47:29 [INFO] 2025-06-25 05:47:29 - Verify-token hit
2025/06/25 05:47:30 [INFO] 2025-06-25 05:47:30 - =========== GetOtherUserProfile called ===========
2025/06/25 05:47:30 [INFO] 2025-06-25 05:47:30 - Authenticated user ID: 1d9d1a62-c50d-4e08-8a96-d84b0bc615c5
2025/06/25 05:47:30 [INFO] 2025-06-25 05:47:30 - Requested profile for user ID: 1d9d1a62-c50d-4e08-8a96-d84b0bc615c5
2025/06/25 05:47:30 [INFO] 2025-06-25 05:47:30 - User is viewing their own profile
2025/06/25 05:47:30 [INFO] 2025-06-25 05:47:30 - Profile returned successfully
2025/06/25 05:47:30 [INFO] 2025-06-25 05:47:30 - =========== GetOtherUserProfile called ===========
2025/06/25 05:47:30 [INFO] 2025-06-25 05:47:30 - Authenticated user ID: 1d9d1a62-c50d-4e08-8a96-d84b0bc615c5
2025/06/25 05:47:30 [INFO] 2025-06-25 05:47:30 - Requested profile for user ID: 1d9d1a62-c50d-4e08-8a96-d84b0bc615c5
2025/06/25 05:47:30 [INFO] 2025-06-25 05:47:30 - User is viewing their own profile
2025/06/25 05:47:30 [INFO] 2025-06-25 05:47:30 - Profile returned successfully
2025/06/25 05:47:30 [LOG] 2025-06-25 05:47:30 - Get request made to GetPostsScroll Handler
2025/06/25 05:47:30 [ERROR] 2025-06-25 05:47:30 - No Posts found in GetPostsScroll Handler: 
2025/06/25 05:47:30 [LOG] 2025-06-25 05:47:30 - Get request made to GetPostsScroll Handler
2025/06/25 05:47:30 [ERROR] 2025-06-25 05:47:30 - No Posts found in GetPostsScroll Handler: 
2025/06/25 05:47:37 [INFO] 2025-06-25 05:47:37 - Sent notification via WS to 1a3b436a-e419-43ab-b433-90785a20fcd1
2025/06/25 05:47:52 [INFO] 2025-06-25 05:47:52 - Starting HTTP server at http://localhost:8080 ...
2025/06/25 05:47:52 [INFO] 2025-06-25 05:47:52 - Migrations applied successfully!
2025/06/25 05:47:54 [INFO] 2025-06-25 05:47:54 - Verify-token hit
2025/06/25 05:48:01 [INFO] 2025-06-25 05:48:01 - Verify-token hit
2025/06/25 05:48:01 [INFO] 2025-06-25 05:48:01 - =========== GetOtherUserProfile called ===========
2025/06/25 05:48:01 [INFO] 2025-06-25 05:48:01 - Authenticated user ID: 1d9d1a62-c50d-4e08-8a96-d84b0bc615c5
2025/06/25 05:48:01 [INFO] 2025-06-25 05:48:01 - Requested profile for user ID: 1d9d1a62-c50d-4e08-8a96-d84b0bc615c5
2025/06/25 05:48:01 [INFO] 2025-06-25 05:48:01 - User is viewing their own profile
2025/06/25 05:48:01 [INFO] 2025-06-25 05:48:01 - Profile returned successfully
2025/06/25 05:48:01 [INFO] 2025-06-25 05:48:01 - =========== GetOtherUserProfile called ===========
2025/06/25 05:48:01 [INFO] 2025-06-25 05:48:01 - Authenticated user ID: 1d9d1a62-c50d-4e08-8a96-d84b0bc615c5
2025/06/25 05:48:01 [INFO] 2025-06-25 05:48:01 - Requested profile for user ID: 1d9d1a62-c50d-4e08-8a96-d84b0bc615c5
2025/06/25 05:48:01 [INFO] 2025-06-25 05:48:01 - User is viewing their own profile
2025/06/25 05:48:01 [INFO] 2025-06-25 05:48:01 - Profile returned successfully
2025/06/25 05:48:01 [LOG] 2025-06-25 05:48:01 - Get request made to GetPostsScroll Handler
2025/06/25 05:48:01 [ERROR] 2025-06-25 05:48:01 - No Posts found in GetPostsScroll Handler: 
2025/06/25 05:48:01 [LOG] 2025-06-25 05:48:01 - Get request made to GetPostsScroll Handler
2025/06/25 05:48:01 [ERROR] 2025-06-25 05:48:01 - No Posts found in GetPostsScroll Handler: 
2025/06/25 05:48:04 [INFO] 2025-06-25 05:48:04 - Notification deleted from db
2025/06/25 05:48:04 [INFO] 2025-06-25 05:48:04 - Sent notification via WS to 1d9d1a62-c50d-4e08-8a96-d84b0bc615c5
2025/06/25 05:48:07 [INFO] 2025-06-25 05:48:07 - Verify-token hit
2025/06/25 05:48:07 [INFO] 2025-06-25 05:48:07 - =========== GetOtherUserProfile called ===========
2025/06/25 05:48:07 [INFO] 2025-06-25 05:48:07 - Authenticated user ID: 1d9d1a62-c50d-4e08-8a96-d84b0bc615c5
2025/06/25 05:48:07 [INFO] 2025-06-25 05:48:07 - Requested profile for user ID: 1a3b436a-e419-43ab-b433-90785a20fcd1
2025/06/25 05:48:07 [INFO] 2025-06-25 05:48:07 - User is a follower and can view the profile
2025/06/25 05:48:07 [INFO] 2025-06-25 05:48:07 - Profile returned successfully
2025/06/25 05:48:07 [INFO] 2025-06-25 05:48:07 - =========== GetOtherUserProfile called ===========
2025/06/25 05:48:07 [INFO] 2025-06-25 05:48:07 - Authenticated user ID: 1d9d1a62-c50d-4e08-8a96-d84b0bc615c5
2025/06/25 05:48:07 [INFO] 2025-06-25 05:48:07 - Requested profile for user ID: 1a3b436a-e419-43ab-b433-90785a20fcd1
2025/06/25 05:48:07 [INFO] 2025-06-25 05:48:07 - User is a follower and can view the profile
2025/06/25 05:48:07 [INFO] 2025-06-25 05:48:07 - Profile returned successfully
2025/06/25 05:48:07 [LOG] 2025-06-25 05:48:07 - Get request made to GetPostsScroll Handler
2025/06/25 05:48:07 [INFO] 2025-06-25 05:48:07 - Posts fetched successfully in GetPostsScroll Handler
2025/06/25 05:48:07 [LOG] 2025-06-25 05:48:07 - Get request made to GetPostsScroll Handler
2025/06/25 05:48:07 [INFO] 2025-06-25 05:48:07 - Posts fetched successfully in GetPostsScroll Handler
2025/06/25 05:48:10 [INFO] 2025-06-25 05:48:10 - Sent notification via WS to 1a3b436a-e419-43ab-b433-90785a20fcd1
2025/06/25 05:48:13 [INFO] 2025-06-25 05:48:13 - Verify-token hit
2025/06/25 05:48:15 [INFO] 2025-06-25 05:48:15 - Notification deleted from db
2025/06/25 05:48:15 [INFO] 2025-06-25 05:48:15 - Sent notification via WS to 1d9d1a62-c50d-4e08-8a96-d84b0bc615c5
2025/06/25 05:48:17 [INFO] 2025-06-25 05:48:17 - Verify-token hit
2025/06/25 05:48:22 [INFO] 2025-06-25 05:48:22 - Verify-token hit
2025/06/25 05:48:37 [INFO] 2025-06-25 05:48:37 - Starting HTTP server at http://localhost:8080 ...
2025/06/25 05:48:37 [INFO] 2025-06-25 05:48:37 - Migrations applied successfully!
2025/06/25 05:48:40 [INFO] 2025-06-25 05:48:40 - Verify-token hit
2025/06/25 05:48:41 [INFO] 2025-06-25 05:48:41 - =========== GetOtherUserProfile called ===========
2025/06/25 05:48:41 [INFO] 2025-06-25 05:48:41 - Authenticated user ID: 1d9d1a62-c50d-4e08-8a96-d84b0bc615c5
2025/06/25 05:48:41 [INFO] 2025-06-25 05:48:41 - Requested profile for user ID: 1a3b436a-e419-43ab-b433-90785a20fcd1
2025/06/25 05:48:41 [INFO] 2025-06-25 05:48:41 - User is a follower and can view the profile
2025/06/25 05:48:41 [INFO] 2025-06-25 05:48:41 - Profile returned successfully
2025/06/25 05:48:41 [INFO] 2025-06-25 05:48:41 - =========== GetOtherUserProfile called ===========
2025/06/25 05:48:41 [INFO] 2025-06-25 05:48:41 - Authenticated user ID: 1d9d1a62-c50d-4e08-8a96-d84b0bc615c5
2025/06/25 05:48:41 [INFO] 2025-06-25 05:48:41 - Requested profile for user ID: 1a3b436a-e419-43ab-b433-90785a20fcd1
2025/06/25 05:48:41 [INFO] 2025-06-25 05:48:41 - User is a follower and can view the profile
2025/06/25 05:48:41 [INFO] 2025-06-25 05:48:41 - Profile returned successfully
2025/06/25 05:48:41 [LOG] 2025-06-25 05:48:41 - Get request made to GetPostsScroll Handler
2025/06/25 05:48:41 [INFO] 2025-06-25 05:48:41 - Posts fetched successfully in GetPostsScroll Handler
2025/06/25 05:48:41 [LOG] 2025-06-25 05:48:41 - Get request made to GetPostsScroll Handler
2025/06/25 05:48:41 [INFO] 2025-06-25 05:48:41 - Posts fetched successfully in GetPostsScroll Handler
2025/06/25 05:48:44 [INFO] 2025-06-25 05:48:44 - Verify-token hit
2025/06/25 05:48:44 [INFO] 2025-06-25 05:48:44 - =========== GetOtherUserProfile called ===========
2025/06/25 05:48:44 [INFO] 2025-06-25 05:48:44 - Authenticated user ID: 1d9d1a62-c50d-4e08-8a96-d84b0bc615c5
2025/06/25 05:48:44 [INFO] 2025-06-25 05:48:44 - Requested profile for user ID: 1a3b436a-e419-43ab-b433-90785a20fcd1
2025/06/25 05:48:44 [INFO] 2025-06-25 05:48:44 - User is a follower and can view the profile
2025/06/25 05:48:44 [INFO] 2025-06-25 05:48:44 - Profile returned successfully
2025/06/25 05:48:44 [INFO] 2025-06-25 05:48:44 - =========== GetOtherUserProfile called ===========
2025/06/25 05:48:44 [INFO] 2025-06-25 05:48:44 - Authenticated user ID: 1d9d1a62-c50d-4e08-8a96-d84b0bc615c5
2025/06/25 05:48:44 [INFO] 2025-06-25 05:48:44 - Requested profile for user ID: 1a3b436a-e419-43ab-b433-90785a20fcd1
2025/06/25 05:48:44 [INFO] 2025-06-25 05:48:44 - User is a follower and can view the profile
2025/06/25 05:48:44 [INFO] 2025-06-25 05:48:44 - Profile returned successfully
2025/06/25 05:48:44 [LOG] 2025-06-25 05:48:44 - Get request made to GetPostsScroll Handler
2025/06/25 05:48:44 [INFO] 2025-06-25 05:48:44 - Posts fetched successfully in GetPostsScroll Handler
2025/06/25 05:48:44 [LOG] 2025-06-25 05:48:44 - Get request made to GetPostsScroll Handler
2025/06/25 05:48:44 [INFO] 2025-06-25 05:48:44 - Posts fetched successfully in GetPostsScroll Handler
2025/06/25 05:48:47 [INFO] 2025-06-25 05:48:47 - Verify-token hit
2025/06/25 05:48:48 [INFO] 2025-06-25 05:48:48 - Verify-token hit
2025/06/25 05:48:52 [INFO] 2025-06-25 05:48:52 - Verify-token hit
2025/06/25 05:48:57 [INFO] 2025-06-25 05:48:57 - Verify-token hit
2025/06/25 05:48:58 [INFO] 2025-06-25 05:48:58 - Verify-token hit
2025/06/25 05:48:58 [INFO] 2025-06-25 05:48:58 - =========== GetOtherUserProfile called ===========
2025/06/25 05:48:58 [INFO] 2025-06-25 05:48:58 - Authenticated user ID: 1d9d1a62-c50d-4e08-8a96-d84b0bc615c5
2025/06/25 05:48:58 [INFO] 2025-06-25 05:48:58 - Requested profile for user ID: 1a3b436a-e419-43ab-b433-90785a20fcd1
2025/06/25 05:48:58 [INFO] 2025-06-25 05:48:58 - User is a follower and can view the profile
2025/06/25 05:48:58 [INFO] 2025-06-25 05:48:58 - Profile returned successfully
2025/06/25 05:48:58 [INFO] 2025-06-25 05:48:58 - =========== GetOtherUserProfile called ===========
2025/06/25 05:48:58 [INFO] 2025-06-25 05:48:58 - Authenticated user ID: 1d9d1a62-c50d-4e08-8a96-d84b0bc615c5
2025/06/25 05:48:58 [INFO] 2025-06-25 05:48:58 - Requested profile for user ID: 1a3b436a-e419-43ab-b433-90785a20fcd1
2025/06/25 05:48:58 [INFO] 2025-06-25 05:48:58 - User is a follower and can view the profile
2025/06/25 05:48:58 [INFO] 2025-06-25 05:48:58 - Profile returned successfully
2025/06/25 05:48:58 [LOG] 2025-06-25 05:48:58 - Get request made to GetPostsScroll Handler
2025/06/25 05:48:58 [INFO] 2025-06-25 05:48:58 - Posts fetched successfully in GetPostsScroll Handler
2025/06/25 05:48:58 [LOG] 2025-06-25 05:48:58 - Get request made to GetPostsScroll Handler
2025/06/25 05:48:58 [INFO] 2025-06-25 05:48:58 - Posts fetched successfully in GetPostsScroll Handler
2025/06/25 05:49:02 [INFO] 2025-06-25 05:49:02 - Verify-token hit
2025/06/25 05:49:02 [INFO] 2025-06-25 05:49:02 - =========== GetOtherUserProfile called ===========
2025/06/25 05:49:02 [INFO] 2025-06-25 05:49:02 - Authenticated user ID: 1d9d1a62-c50d-4e08-8a96-d84b0bc615c5
2025/06/25 05:49:02 [INFO] 2025-06-25 05:49:02 - Requested profile for user ID: 1a3b436a-e419-43ab-b433-90785a20fcd1
2025/06/25 05:49:02 [INFO] 2025-06-25 05:49:02 - Profile returned successfully
2025/06/25 05:49:02 [INFO] 2025-06-25 05:49:02 - =========== GetOtherUserProfile called ===========
2025/06/25 05:49:02 [INFO] 2025-06-25 05:49:02 - Authenticated user ID: 1d9d1a62-c50d-4e08-8a96-d84b0bc615c5
2025/06/25 05:49:02 [INFO] 2025-06-25 05:49:02 - Requested profile for user ID: 1a3b436a-e419-43ab-b433-90785a20fcd1
2025/06/25 05:49:02 [INFO] 2025-06-25 05:49:02 - Profile returned successfully
2025/06/25 05:49:02 [LOG] 2025-06-25 05:49:02 - Get request made to GetPostsScroll Handler
2025/06/25 05:49:02 [ERROR] 2025-06-25 05:49:02 - No Posts found in GetPostsScroll Handler: 
2025/06/25 05:49:02 [LOG] 2025-06-25 05:49:02 - Get request made to GetPostsScroll Handler
2025/06/25 05:49:02 [ERROR] 2025-06-25 05:49:02 - No Posts found in GetPostsScroll Handler: 
2025/06/25 05:49:06 [INFO] 2025-06-25 05:49:06 - Verify-token hit
2025/06/25 05:49:07 [INFO] 2025-06-25 05:49:07 - Verify-token hit
2025/06/25 05:49:10 [INFO] 2025-06-25 05:49:10 - Verify-token hit
2025/06/25 05:49:11 [INFO] 2025-06-25 05:49:11 - =========== GetOtherUserProfile called ===========
2025/06/25 05:49:11 [INFO] 2025-06-25 05:49:11 - Authenticated user ID: 1d9d1a62-c50d-4e08-8a96-d84b0bc615c5
2025/06/25 05:49:11 [INFO] 2025-06-25 05:49:11 - Requested profile for user ID: 1a3b436a-e419-43ab-b433-90785a20fcd1
2025/06/25 05:49:11 [INFO] 2025-06-25 05:49:11 - Profile returned successfully
2025/06/25 05:49:11 [INFO] 2025-06-25 05:49:11 - =========== GetOtherUserProfile called ===========
2025/06/25 05:49:11 [INFO] 2025-06-25 05:49:11 - Authenticated user ID: 1d9d1a62-c50d-4e08-8a96-d84b0bc615c5
2025/06/25 05:49:11 [INFO] 2025-06-25 05:49:11 - Requested profile for user ID: 1a3b436a-e419-43ab-b433-90785a20fcd1
2025/06/25 05:49:11 [INFO] 2025-06-25 05:49:11 - Profile returned successfully
2025/06/25 05:49:11 [LOG] 2025-06-25 05:49:11 - Get request made to GetPostsScroll Handler
2025/06/25 05:49:11 [ERROR] 2025-06-25 05:49:11 - No Posts found in GetPostsScroll Handler: 
2025/06/25 05:49:11 [LOG] 2025-06-25 05:49:11 - Get request made to GetPostsScroll Handler
2025/06/25 05:49:11 [ERROR] 2025-06-25 05:49:11 - No Posts found in GetPostsScroll Handler: 
2025/06/25 05:49:12 [INFO] 2025-06-25 05:49:12 - Sent notification via WS to 1a3b436a-e419-43ab-b433-90785a20fcd1
2025/06/25 05:49:14 [INFO] 2025-06-25 05:49:14 - Notification deleted from db
2025/06/25 05:49:14 [INFO] 2025-06-25 05:49:14 - Sent notification via WS to 1d9d1a62-c50d-4e08-8a96-d84b0bc615c5
2025/06/25 05:49:16 [INFO] 2025-06-25 05:49:16 - Verify-token hit
2025/06/25 05:49:18 [INFO] 2025-06-25 05:49:18 - Verify-token hit
2025/06/25 05:49:21 [INFO] 2025-06-25 05:49:21 - Verify-token hit
2025/06/25 05:49:52 [INFO] 2025-06-25 05:49:52 - Starting HTTP server at http://localhost:8080 ...
2025/06/25 05:49:52 [INFO] 2025-06-25 05:49:52 - Migrations applied successfully!
2025/06/25 05:49:54 [INFO] 2025-06-25 05:49:54 - Verify-token hit
2025/06/25 05:49:57 [INFO] 2025-06-25 05:49:57 - Verify-token hit
2025/06/25 05:50:05 [INFO] 2025-06-25 05:50:05 - Starting HTTP server at http://localhost:8080 ...
2025/06/25 05:50:05 [INFO] 2025-06-25 05:50:05 - Migrations applied successfully!
2025/06/25 05:50:07 [INFO] 2025-06-25 05:50:07 - Verify-token hit
2025/06/25 05:50:11 [INFO] 2025-06-25 05:50:11 - Verify-token hit
2025/06/25 05:50:42 [INFO] 2025-06-25 05:50:42 - Verify-token hit
2025/06/25 05:50:46 [INFO] 2025-06-25 05:50:46 - Verify-token hit
2025/06/25 05:50:48 [INFO] 2025-06-25 05:50:48 - Verify-token hit
2025/06/25 05:50:48 [INFO] 2025-06-25 05:50:48 - =========== GetOtherUserProfile called ===========
2025/06/25 05:50:48 [INFO] 2025-06-25 05:50:48 - Authenticated user ID: 1d9d1a62-c50d-4e08-8a96-d84b0bc615c5
2025/06/25 05:50:48 [INFO] 2025-06-25 05:50:48 - Requested profile for user ID: 1a3b436a-e419-43ab-b433-90785a20fcd1
2025/06/25 05:50:48 [INFO] 2025-06-25 05:50:48 - User is a follower and can view the profile
2025/06/25 05:50:48 [INFO] 2025-06-25 05:50:48 - Profile returned successfully
2025/06/25 05:50:48 [INFO] 2025-06-25 05:50:48 - =========== GetOtherUserProfile called ===========
2025/06/25 05:50:48 [INFO] 2025-06-25 05:50:48 - Authenticated user ID: 1d9d1a62-c50d-4e08-8a96-d84b0bc615c5
2025/06/25 05:50:48 [INFO] 2025-06-25 05:50:48 - Requested profile for user ID: 1a3b436a-e419-43ab-b433-90785a20fcd1
2025/06/25 05:50:48 [INFO] 2025-06-25 05:50:48 - User is a follower and can view the profile
2025/06/25 05:50:48 [INFO] 2025-06-25 05:50:48 - Profile returned successfully
2025/06/25 05:50:48 [LOG] 2025-06-25 05:50:48 - Get request made to GetPostsScroll Handler
2025/06/25 05:50:48 [INFO] 2025-06-25 05:50:48 - Posts fetched successfully in GetPostsScroll Handler
2025/06/25 05:50:48 [LOG] 2025-06-25 05:50:48 - Get request made to GetPostsScroll Handler
2025/06/25 05:50:48 [INFO] 2025-06-25 05:50:48 - Posts fetched successfully in GetPostsScroll Handler
2025/06/25 05:50:52 [INFO] 2025-06-25 05:50:52 - Sent notification via WS to 1a3b436a-e419-43ab-b433-90785a20fcd1
2025/06/25 05:50:57 [INFO] 2025-06-25 05:50:57 - Notification deleted from db
2025/06/25 05:50:57 [INFO] 2025-06-25 05:50:57 - Sent notification via WS to 1d9d1a62-c50d-4e08-8a96-d84b0bc615c5
2025/06/25 05:51:28 [INFO] 2025-06-25 05:51:28 - Verify-token hit
2025/06/25 05:51:28 [INFO] 2025-06-25 05:51:28 - Verify-token hit
2025/06/25 05:51:28 [INFO] 2025-06-25 05:51:28 - Verify-token hit
2025/06/25 05:51:30 [INFO] 2025-06-25 05:51:30 - =========== GetOtherUserProfile called ===========
2025/06/25 05:51:30 [INFO] 2025-06-25 05:51:30 - Authenticated user ID: 1d9d1a62-c50d-4e08-8a96-d84b0bc615c5
2025/06/25 05:51:30 [INFO] 2025-06-25 05:51:30 - Requested profile for user ID: 1a3b436a-e419-43ab-b433-90785a20fcd1
2025/06/25 05:51:30 [INFO] 2025-06-25 05:51:30 - User is a follower and can view the profile
2025/06/25 05:51:30 [INFO] 2025-06-25 05:51:30 - Profile returned successfully
2025/06/25 05:51:30 [INFO] 2025-06-25 05:51:30 - =========== GetOtherUserProfile called ===========
2025/06/25 05:51:30 [INFO] 2025-06-25 05:51:30 - Authenticated user ID: 1d9d1a62-c50d-4e08-8a96-d84b0bc615c5
2025/06/25 05:51:30 [INFO] 2025-06-25 05:51:30 - Requested profile for user ID: 1a3b436a-e419-43ab-b433-90785a20fcd1
2025/06/25 05:51:30 [INFO] 2025-06-25 05:51:30 - User is a follower and can view the profile
2025/06/25 05:51:30 [INFO] 2025-06-25 05:51:30 - Profile returned successfully
2025/06/25 05:51:30 [LOG] 2025-06-25 05:51:30 - Get request made to GetPostsScroll Handler
2025/06/25 05:51:30 [INFO] 2025-06-25 05:51:30 - Posts fetched successfully in GetPostsScroll Handler
2025/06/25 05:51:30 [LOG] 2025-06-25 05:51:30 - Get request made to GetPostsScroll Handler
2025/06/25 05:51:30 [INFO] 2025-06-25 05:51:30 - Posts fetched successfully in GetPostsScroll Handler
2025/06/25 05:51:54 [INFO] 2025-06-25 05:51:54 - Starting HTTP server at http://localhost:8080 ...
2025/06/25 05:51:54 [INFO] 2025-06-25 05:51:54 - Migrations applied successfully!
2025/06/25 05:51:57 [INFO] 2025-06-25 05:51:57 - Verify-token hit
2025/06/25 05:52:14 [INFO] 2025-06-25 05:52:14 - Verify-token hit
2025/06/25 05:52:14 [INFO] 2025-06-25 05:52:14 - Verify-token hit
2025/06/25 05:52:14 [INFO] 2025-06-25 05:52:14 - Verify-token hit
2025/06/25 05:52:14 [INFO] 2025-06-25 05:52:14 - Verify-token hit
2025/06/25 05:52:14 [INFO] 2025-06-25 05:52:14 - Verify-token hit
2025/06/25 05:52:14 [INFO] 2025-06-25 05:52:14 - Verify-token hit
2025/06/25 05:52:15 [INFO] 2025-06-25 05:52:15 - Starting HTTP server at http://localhost:8080 ...
2025/06/25 05:52:15 [INFO] 2025-06-25 05:52:15 - Migrations applied successfully!
2025/06/25 05:52:15 [INFO] 2025-06-25 05:52:15 - Verify-token hit
2025/06/25 05:52:18 [INFO] 2025-06-25 05:52:18 - Verify-token hit
2025/06/25 05:52:32 [INFO] 2025-06-25 05:52:32 - Verify-token hit
2025/06/25 05:52:32 [INFO] 2025-06-25 05:52:32 - Verify-token hit
2025/06/25 05:52:33 [INFO] 2025-06-25 05:52:33 - Starting HTTP server at http://localhost:8080 ...
2025/06/25 05:52:33 [INFO] 2025-06-25 05:52:33 - Migrations applied successfully!
2025/06/25 05:52:33 [INFO] 2025-06-25 05:52:33 - =========== GetOtherUserProfile called ===========
2025/06/25 05:52:33 [INFO] 2025-06-25 05:52:33 - Authenticated user ID: 1d9d1a62-c50d-4e08-8a96-d84b0bc615c5
2025/06/25 05:52:33 [INFO] 2025-06-25 05:52:33 - Requested profile for user ID: 1a3b436a-e419-43ab-b433-90785a20fcd1
2025/06/25 05:52:33 [INFO] 2025-06-25 05:52:33 - User is a follower and can view the profile
2025/06/25 05:52:33 [INFO] 2025-06-25 05:52:33 - Profile returned successfully
2025/06/25 05:52:33 [INFO] 2025-06-25 05:52:33 - =========== GetOtherUserProfile called ===========
2025/06/25 05:52:33 [INFO] 2025-06-25 05:52:33 - Authenticated user ID: 1d9d1a62-c50d-4e08-8a96-d84b0bc615c5
2025/06/25 05:52:33 [INFO] 2025-06-25 05:52:33 - Requested profile for user ID: 1a3b436a-e419-43ab-b433-90785a20fcd1
2025/06/25 05:52:33 [INFO] 2025-06-25 05:52:33 - User is a follower and can view the profile
2025/06/25 05:52:33 [INFO] 2025-06-25 05:52:33 - Profile returned successfully
2025/06/25 05:52:33 [LOG] 2025-06-25 05:52:33 - Get request made to GetPostsScroll Handler
2025/06/25 05:52:33 [INFO] 2025-06-25 05:52:33 - Posts fetched successfully in GetPostsScroll Handler
2025/06/25 05:52:34 [LOG] 2025-06-25 05:52:34 - Get request made to GetPostsScroll Handler
2025/06/25 05:52:34 [INFO] 2025-06-25 05:52:34 - Posts fetched successfully in GetPostsScroll Handler
2025/06/25 05:52:36 [INFO] 2025-06-25 05:52:36 - Verify-token hit
2025/06/25 05:52:37 [INFO] 2025-06-25 05:52:37 - Verify-token hit
2025/06/25 05:53:28 [INFO] 2025-06-25 05:53:28 - Verify-token hit
2025/06/25 05:53:30 [LOG] 2025-06-25 05:53:30 - Get request made to GetPostsScroll Handler
2025/06/25 05:53:30 [INFO] 2025-06-25 05:53:30 - Posts fetched successfully in GetPostsScroll Handler
2025/06/25 05:53:30 [LOG] 2025-06-25 05:53:30 - Get request made to GetPostsScroll Handler
2025/06/25 05:53:30 [INFO] 2025-06-25 05:53:30 - Posts fetched successfully in GetPostsScroll Handler
2025/06/25 05:53:31 [INFO] 2025-06-25 05:53:31 - Recieved Request for fetching groups
2025/06/25 05:53:31 [LOG] 2025-06-25 05:53:31 - Invite Request Group to join fetched successfully
2025/06/25 05:53:31 [INFO] 2025-06-25 05:53:31 - Groups Fetched Successfuly
2025/06/25 05:53:31 [LOG] 2025-06-25 05:53:31 - Invite Request Group to join fetched successfully
2025/06/25 05:53:31 [INFO] 2025-06-25 05:53:31 - Recieved Request for fetching groups
2025/06/25 05:53:31 [INFO] 2025-06-25 05:53:31 - Groups Fetched Successfuly
2025/06/25 05:53:32 [INFO] 2025-06-25 05:53:32 - Verify-token hit
2025/06/25 05:53:33 [INFO] 2025-06-25 05:53:33 - Verify-token hit
2025/06/25 05:53:34 [INFO] 2025-06-25 05:53:34 - =========== GetOtherUserProfile called ===========
2025/06/25 05:53:34 [INFO] 2025-06-25 05:53:34 - Authenticated user ID: 1a3b436a-e419-43ab-b433-90785a20fcd1
2025/06/25 05:53:34 [INFO] 2025-06-25 05:53:34 - Requested profile for user ID: 1a3b436a-e419-43ab-b433-90785a20fcd1
2025/06/25 05:53:34 [INFO] 2025-06-25 05:53:34 - User is viewing their own profile
2025/06/25 05:53:34 [INFO] 2025-06-25 05:53:34 - Profile returned successfully
2025/06/25 05:53:34 [INFO] 2025-06-25 05:53:34 - =========== GetOtherUserProfile called ===========
2025/06/25 05:53:34 [INFO] 2025-06-25 05:53:34 - Authenticated user ID: 1a3b436a-e419-43ab-b433-90785a20fcd1
2025/06/25 05:53:34 [INFO] 2025-06-25 05:53:34 - Requested profile for user ID: 1a3b436a-e419-43ab-b433-90785a20fcd1
2025/06/25 05:53:34 [INFO] 2025-06-25 05:53:34 - User is viewing their own profile
2025/06/25 05:53:34 [INFO] 2025-06-25 05:53:34 - Profile returned successfully
2025/06/25 05:53:34 [LOG] 2025-06-25 05:53:34 - Get request made to GetPostsScroll Handler
2025/06/25 05:53:34 [ERROR] 2025-06-25 05:53:34 - No Posts found in GetPostsScroll Handler: 
2025/06/25 05:53:34 [LOG] 2025-06-25 05:53:34 - Get request made to GetPostsScroll Handler
2025/06/25 05:53:34 [ERROR] 2025-06-25 05:53:34 - No Posts found in GetPostsScroll Handler: 
2025/06/25 05:53:50 [INFO] 2025-06-25 05:53:50 - Verify-token hit
2025/06/25 05:53:50 [INFO] 2025-06-25 05:53:50 - Verify-token hit
2025/06/25 05:53:50 [INFO] 2025-06-25 05:53:50 - Verify-token hit
2025/06/25 05:53:50 [INFO] 2025-06-25 05:53:50 - Verify-token hit
2025/06/25 05:53:51 [INFO] 2025-06-25 05:53:51 - =========== GetOtherUserProfile called ===========
2025/06/25 05:53:51 [INFO] 2025-06-25 05:53:51 - Authenticated user ID: 1d9d1a62-c50d-4e08-8a96-d84b0bc615c5
2025/06/25 05:53:51 [INFO] 2025-06-25 05:53:51 - Requested profile for user ID: 1a3b436a-e419-43ab-b433-90785a20fcd1
2025/06/25 05:53:51 [INFO] 2025-06-25 05:53:51 - User is a follower and can view the profile
2025/06/25 05:53:51 [INFO] 2025-06-25 05:53:51 - Profile returned successfully
2025/06/25 05:53:51 [INFO] 2025-06-25 05:53:51 - Verify-token hit
2025/06/25 05:53:51 [INFO] 2025-06-25 05:53:51 - Verify-token hit
2025/06/25 05:53:51 [INFO] 2025-06-25 05:53:51 - Verify-token hit
2025/06/25 05:53:51 [INFO] 2025-06-25 05:53:51 - =========== GetOtherUserProfile called ===========
2025/06/25 05:53:51 [INFO] 2025-06-25 05:53:51 - Authenticated user ID: 1d9d1a62-c50d-4e08-8a96-d84b0bc615c5
2025/06/25 05:53:51 [INFO] 2025-06-25 05:53:51 - Requested profile for user ID: 1a3b436a-e419-43ab-b433-90785a20fcd1
2025/06/25 05:53:51 [INFO] 2025-06-25 05:53:51 - User is a follower and can view the profile
2025/06/25 05:53:51 [INFO] 2025-06-25 05:53:51 - Profile returned successfully
2025/06/25 05:53:51 [INFO] 2025-06-25 05:53:51 - =========== GetOtherUserProfile called ===========
2025/06/25 05:53:51 [INFO] 2025-06-25 05:53:51 - Authenticated user ID: 1a3b436a-e419-43ab-b433-90785a20fcd1
2025/06/25 05:53:51 [INFO] 2025-06-25 05:53:51 - Requested profile for user ID: 1a3b436a-e419-43ab-b433-90785a20fcd1
2025/06/25 05:53:51 [INFO] 2025-06-25 05:53:51 - User is viewing their own profile
2025/06/25 05:53:51 [INFO] 2025-06-25 05:53:51 - Profile returned successfully
2025/06/25 05:53:51 [INFO] 2025-06-25 05:53:51 - =========== GetOtherUserProfile called ===========
2025/06/25 05:53:51 [INFO] 2025-06-25 05:53:51 - Authenticated user ID: 1a3b436a-e419-43ab-b433-90785a20fcd1
2025/06/25 05:53:51 [INFO] 2025-06-25 05:53:51 - Requested profile for user ID: 1a3b436a-e419-43ab-b433-90785a20fcd1
2025/06/25 05:53:51 [INFO] 2025-06-25 05:53:51 - User is viewing their own profile
2025/06/25 05:53:51 [INFO] 2025-06-25 05:53:51 - Profile returned successfully
2025/06/25 05:53:51 [LOG] 2025-06-25 05:53:51 - Get request made to GetPostsScroll Handler
2025/06/25 05:53:51 [INFO] 2025-06-25 05:53:51 - Posts fetched successfully in GetPostsScroll Handler
2025/06/25 05:53:51 [LOG] 2025-06-25 05:53:51 - Get request made to GetPostsScroll Handler
2025/06/25 05:53:51 [ERROR] 2025-06-25 05:53:51 - No Posts found in GetPostsScroll Handler: 
2025/06/25 05:53:51 [LOG] 2025-06-25 05:53:51 - Get request made to GetPostsScroll Handler
2025/06/25 05:53:51 [ERROR] 2025-06-25 05:53:51 - No Posts found in GetPostsScroll Handler: 
2025/06/25 05:53:51 [LOG] 2025-06-25 05:53:51 - Get request made to GetPostsScroll Handler
2025/06/25 05:53:51 [INFO] 2025-06-25 05:53:51 - Posts fetched successfully in GetPostsScroll Handler
2025/06/25 05:53:52 [INFO] 2025-06-25 05:53:52 - =========== GetOtherUserProfile called ===========
2025/06/25 05:53:52 [INFO] 2025-06-25 05:53:52 - Authenticated user ID: 1d9d1a62-c50d-4e08-8a96-d84b0bc615c5
2025/06/25 05:53:52 [INFO] 2025-06-25 05:53:52 - Requested profile for user ID: 1a3b436a-e419-43ab-b433-90785a20fcd1
2025/06/25 05:53:52 [INFO] 2025-06-25 05:53:52 - User is a follower and can view the profile
2025/06/25 05:53:52 [INFO] 2025-06-25 05:53:52 - Profile returned successfully
2025/06/25 05:53:52 [INFO] 2025-06-25 05:53:52 - =========== GetOtherUserProfile called ===========
2025/06/25 05:53:52 [INFO] 2025-06-25 05:53:52 - Authenticated user ID: 1a3b436a-e419-43ab-b433-90785a20fcd1
2025/06/25 05:53:52 [INFO] 2025-06-25 05:53:52 - Requested profile for user ID: 1a3b436a-e419-43ab-b433-90785a20fcd1
2025/06/25 05:53:52 [INFO] 2025-06-25 05:53:52 - =========== GetOtherUserProfile called ===========
2025/06/25 05:53:52 [INFO] 2025-06-25 05:53:52 - Authenticated user ID: 1d9d1a62-c50d-4e08-8a96-d84b0bc615c5
2025/06/25 05:53:52 [INFO] 2025-06-25 05:53:52 - User is viewing their own profile
2025/06/25 05:53:52 [INFO] 2025-06-25 05:53:52 - Requested profile for user ID: 1a3b436a-e419-43ab-b433-90785a20fcd1
2025/06/25 05:53:52 [INFO] 2025-06-25 05:53:52 - Profile returned successfully
2025/06/25 05:53:52 [INFO] 2025-06-25 05:53:52 - User is a follower and can view the profile
2025/06/25 05:53:52 [INFO] 2025-06-25 05:53:52 - Profile returned successfully
2025/06/25 05:53:52 [INFO] 2025-06-25 05:53:52 - =========== GetOtherUserProfile called ===========
2025/06/25 05:53:52 [INFO] 2025-06-25 05:53:52 - Authenticated user ID: 1a3b436a-e419-43ab-b433-90785a20fcd1
2025/06/25 05:53:52 [INFO] 2025-06-25 05:53:52 - Requested profile for user ID: 1a3b436a-e419-43ab-b433-90785a20fcd1
2025/06/25 05:53:52 [INFO] 2025-06-25 05:53:52 - User is viewing their own profile
2025/06/25 05:53:52 [INFO] 2025-06-25 05:53:52 - Profile returned successfully
2025/06/25 05:53:52 [LOG] 2025-06-25 05:53:52 - Get request made to GetPostsScroll Handler
2025/06/25 05:53:52 [INFO] 2025-06-25 05:53:52 - Posts fetched successfully in GetPostsScroll Handler
2025/06/25 05:53:52 [LOG] 2025-06-25 05:53:52 - Get request made to GetPostsScroll Handler
2025/06/25 05:53:52 [ERROR] 2025-06-25 05:53:52 - No Posts found in GetPostsScroll Handler: 
2025/06/25 05:53:52 [LOG] 2025-06-25 05:53:52 - Get request made to GetPostsScroll Handler
2025/06/25 05:53:52 [INFO] 2025-06-25 05:53:52 - Posts fetched successfully in GetPostsScroll Handler
2025/06/25 05:53:52 [LOG] 2025-06-25 05:53:52 - Get request made to GetPostsScroll Handler
2025/06/25 05:53:52 [ERROR] 2025-06-25 05:53:52 - No Posts found in GetPostsScroll Handler: 
2025/06/25 05:58:07 [INFO] 2025-06-25 05:58:07 - Starting HTTP server at http://localhost:8080 ...
2025/06/25 05:58:07 [INFO] 2025-06-25 05:58:07 - Migrations applied successfully!
2025/06/25 05:58:12 [INFO] 2025-06-25 05:58:12 - Verify-token hit
2025/06/25 05:58:12 [INFO] 2025-06-25 05:58:12 - =========== GetOtherUserProfile called ===========
2025/06/25 05:58:12 [INFO] 2025-06-25 05:58:12 - Authenticated user ID: 1a3b436a-e419-43ab-b433-90785a20fcd1
2025/06/25 05:58:12 [INFO] 2025-06-25 05:58:12 - Requested profile for user ID: 1a3b436a-e419-43ab-b433-90785a20fcd1
2025/06/25 05:58:12 [INFO] 2025-06-25 05:58:12 - User is viewing their own profile
2025/06/25 05:58:12 [INFO] 2025-06-25 05:58:12 - Profile returned successfully
2025/06/25 05:58:12 [ERROR] 2025-06-25 05:58:12 - Token is empty
2025/06/25 05:58:12 [INFO] 2025-06-25 05:58:12 - =========== GetOtherUserProfile called ===========
2025/06/25 05:58:12 [INFO] 2025-06-25 05:58:12 - Authenticated user ID: 1a3b436a-e419-43ab-b433-90785a20fcd1
2025/06/25 05:58:12 [INFO] 2025-06-25 05:58:12 - Requested profile for user ID: 1a3b436a-e419-43ab-b433-90785a20fcd1
2025/06/25 05:58:12 [INFO] 2025-06-25 05:58:12 - User is viewing their own profile
2025/06/25 05:58:12 [INFO] 2025-06-25 05:58:12 - Profile returned successfully
2025/06/25 05:58:12 [ERROR] 2025-06-25 05:58:12 - Token is empty
2025/06/25 05:58:12 [LOG] 2025-06-25 05:58:12 - Get request made to GetPostsScroll Handler
2025/06/25 05:58:12 [ERROR] 2025-06-25 05:58:12 - No Posts found in GetPostsScroll Handler: 
2025/06/25 05:58:12 [LOG] 2025-06-25 05:58:12 - Get request made to GetPostsScroll Handler
2025/06/25 05:58:12 [ERROR] 2025-06-25 05:58:12 - No Posts found in GetPostsScroll Handler: 
2025/06/25 05:58:16 [INFO] 2025-06-25 05:58:16 - Verify-token hit
2025/06/25 05:58:21 [LOG] 2025-06-25 05:58:21 - Get request made to GetPostsScroll Handler
2025/06/25 05:58:21 [INFO] 2025-06-25 05:58:21 - Posts fetched successfully in GetPostsScroll Handler
2025/06/25 05:58:21 [LOG] 2025-06-25 05:58:21 - Get request made to GetPostsScroll Handler
2025/06/25 05:58:21 [INFO] 2025-06-25 05:58:21 - Posts fetched successfully in GetPostsScroll Handler
2025/06/25 05:58:23 [INFO] 2025-06-25 05:58:23 - Recieved Request for fetching groups
2025/06/25 05:58:23 [INFO] 2025-06-25 05:58:23 - Groups Fetched Successfuly
2025/06/25 05:58:23 [LOG] 2025-06-25 05:58:23 - Invite Request Group to join fetched successfully
2025/06/25 05:58:23 [INFO] 2025-06-25 05:58:23 - Recieved Request for fetching groups
2025/06/25 05:58:23 [LOG] 2025-06-25 05:58:23 - Invite Request Group to join fetched successfully
2025/06/25 05:58:23 [INFO] 2025-06-25 05:58:23 - Groups Fetched Successfuly
2025/06/25 05:58:24 [INFO] 2025-06-25 05:58:24 - Verify-token hit
2025/06/25 05:58:25 [LOG] 2025-06-25 05:58:25 - Get request made to GetPostsScroll Handler
2025/06/25 05:58:25 [LOG] 2025-06-25 05:58:25 - Get request made to GetPostsScroll Handler
2025/06/25 05:58:25 [INFO] 2025-06-25 05:58:25 - Posts fetched successfully in GetPostsScroll Handler
2025/06/25 05:58:25 [INFO] 2025-06-25 05:58:25 - Posts fetched successfully in GetPostsScroll Handler
2025/06/25 05:58:59 [INFO] 2025-06-25 05:58:59 - Verify-token hit
2025/06/25 05:59:03 [INFO] 2025-06-25 05:59:03 - User 1a3b436a-e419-43ab-b433-90785a20fcd1 not connected, notification saved to DB
2025/06/25 05:59:06 [LOG] 2025-06-25 05:59:06 - Get request made to GetPostsScroll Handler
2025/06/25 05:59:06 [INFO] 2025-06-25 05:59:06 - Posts fetched successfully in GetPostsScroll Handler
2025/06/25 05:59:06 [LOG] 2025-06-25 05:59:06 - Get request made to GetPostsScroll Handler
2025/06/25 05:59:06 [ERROR] 2025-06-25 05:59:06 - Token is empty
2025/06/25 05:59:06 [INFO] 2025-06-25 05:59:06 - Posts fetched successfully in GetPostsScroll Handler
2025/06/25 05:59:06 [ERROR] 2025-06-25 05:59:06 - Token is empty
2025/06/25 05:59:10 [LOG] 2025-06-25 05:59:10 - Get request made to GetPostsScroll Handler
2025/06/25 05:59:10 [INFO] 2025-06-25 05:59:10 - Posts fetched successfully in GetPostsScroll Handler
2025/06/25 05:59:10 [LOG] 2025-06-25 05:59:10 - Get request made to GetPostsScroll Handler
2025/06/25 05:59:10 [INFO] 2025-06-25 05:59:10 - Posts fetched successfully in GetPostsScroll Handler
2025/06/25 05:59:10 [ERROR] 2025-06-25 05:59:10 - Token is empty
2025/06/25 05:59:10 [ERROR] 2025-06-25 05:59:10 - Token is empty
2025/06/25 05:59:11 [INFO] 2025-06-25 05:59:11 - User 1a3b436a-e419-43ab-b433-90785a20fcd1 not connected, notification saved to DB
2025/06/25 05:59:36 [INFO] 2025-06-25 05:59:36 - Starting HTTP server at http://localhost:8080 ...
2025/06/25 05:59:36 [INFO] 2025-06-25 05:59:36 - Migrations applied successfully!
2025/06/25 05:59:39 [LOG] 2025-06-25 05:59:39 - Get request made to GetPostsScroll Handler
2025/06/25 05:59:39 [INFO] 2025-06-25 05:59:39 - Posts fetched successfully in GetPostsScroll Handler
2025/06/25 05:59:39 [ERROR] 2025-06-25 05:59:39 - Token is empty
2025/06/25 05:59:39 [LOG] 2025-06-25 05:59:39 - Get request made to GetPostsScroll Handler
2025/06/25 05:59:39 [INFO] 2025-06-25 05:59:39 - Posts fetched successfully in GetPostsScroll Handler
2025/06/25 05:59:39 [ERROR] 2025-06-25 05:59:39 - Token is empty
2025/06/25 05:59:58 [INFO] 2025-06-25 05:59:58 - Starting HTTP server at http://localhost:8080 ...
2025/06/25 05:59:58 [INFO] 2025-06-25 05:59:58 - Migrations applied successfully!
2025/06/25 06:00:01 [LOG] 2025-06-25 06:00:01 - Get request made to GetPostsScroll Handler
2025/06/25 06:00:01 [LOG] 2025-06-25 06:00:01 - Get request made to GetPostsScroll Handler
2025/06/25 06:00:01 [INFO] 2025-06-25 06:00:01 - Posts fetched successfully in GetPostsScroll Handler
2025/06/25 06:00:01 [INFO] 2025-06-25 06:00:01 - Posts fetched successfully in GetPostsScroll Handler
2025/06/25 06:00:05 [INFO] 2025-06-25 06:00:05 - Verify-token hit
2025/06/25 06:00:13 [INFO] 2025-06-25 06:00:13 - Verify-token hit
2025/06/25 06:00:13 [INFO] 2025-06-25 06:00:13 - =========== GetOtherUserProfile called ===========
2025/06/25 06:00:13 [INFO] 2025-06-25 06:00:13 - Authenticated user ID: 1d9d1a62-c50d-4e08-8a96-d84b0bc615c5
2025/06/25 06:00:13 [INFO] 2025-06-25 06:00:13 - Requested profile for user ID: 1a3b436a-e419-43ab-b433-90785a20fcd1
2025/06/25 06:00:13 [INFO] 2025-06-25 06:00:13 - Profile returned successfully
2025/06/25 06:00:13 [INFO] 2025-06-25 06:00:13 - =========== GetOtherUserProfile called ===========
2025/06/25 06:00:13 [INFO] 2025-06-25 06:00:13 - Authenticated user ID: 1d9d1a62-c50d-4e08-8a96-d84b0bc615c5
2025/06/25 06:00:13 [INFO] 2025-06-25 06:00:13 - Requested profile for user ID: 1a3b436a-e419-43ab-b433-90785a20fcd1
2025/06/25 06:00:13 [INFO] 2025-06-25 06:00:13 - Profile returned successfully
2025/06/25 06:00:13 [LOG] 2025-06-25 06:00:13 - Get request made to GetPostsScroll Handler
2025/06/25 06:00:13 [INFO] 2025-06-25 06:00:13 - Posts fetched successfully in GetPostsScroll Handler
2025/06/25 06:00:13 [LOG] 2025-06-25 06:00:13 - Get request made to GetPostsScroll Handler
2025/06/25 06:00:13 [INFO] 2025-06-25 06:00:13 - Posts fetched successfully in GetPostsScroll Handler
2025/06/25 06:00:16 [INFO] 2025-06-25 06:00:16 - Notification deleted from db
2025/06/25 06:00:16 [INFO] 2025-06-25 06:00:16 - Sent notification via WS to 1d9d1a62-c50d-4e08-8a96-d84b0bc615c5
2025/06/25 06:00:17 [INFO] 2025-06-25 06:00:17 - Verify-token hit
2025/06/25 06:00:25 [INFO] 2025-06-25 06:00:25 - Verify-token hit
2025/06/25 06:00:29 [INFO] 2025-06-25 06:00:29 - Verify-token hit
2025/06/25 06:00:32 [INFO] 2025-06-25 06:00:32 - Recieved Request for fetching groups
2025/06/25 06:00:32 [LOG] 2025-06-25 06:00:32 - Invite Request Group to join fetched successfully
2025/06/25 06:00:32 [INFO] 2025-06-25 06:00:32 - Groups Fetched Successfuly
2025/06/25 06:00:32 [LOG] 2025-06-25 06:00:32 - Invite Request Group to join fetched successfully
2025/06/25 06:00:32 [INFO] 2025-06-25 06:00:32 - Recieved Request for fetching groups
2025/06/25 06:00:32 [INFO] 2025-06-25 06:00:32 - Groups Fetched Successfuly
2025/06/25 06:00:34 [LOG] 2025-06-25 06:00:34 - Get request made to GetPostsScroll Handler
2025/06/25 06:00:34 [INFO] 2025-06-25 06:00:34 - Posts fetched successfully in GetPostsScroll Handler
2025/06/25 06:00:34 [LOG] 2025-06-25 06:00:34 - Get request made to GetPostsScroll Handler
2025/06/25 06:00:34 [INFO] 2025-06-25 06:00:34 - Posts fetched successfully in GetPostsScroll Handler
2025/06/25 06:00:58 [INFO] 2025-06-25 06:00:58 - Starting HTTP server at http://localhost:8080 ...
2025/06/25 06:00:58 [INFO] 2025-06-25 06:00:58 - Migrations applied successfully!
2025/06/25 06:01:01 [INFO] 2025-06-25 06:01:01 - Recieved Request for fetching groups
2025/06/25 06:01:01 [LOG] 2025-06-25 06:01:01 - Invite Request Group to join fetched successfully
2025/06/25 06:01:01 [INFO] 2025-06-25 06:01:01 - Groups Fetched Successfuly
2025/06/25 06:01:01 [INFO] 2025-06-25 06:01:01 - Recieved Request for fetching groups
2025/06/25 06:01:01 [LOG] 2025-06-25 06:01:01 - Invite Request Group to join fetched successfully
2025/06/25 06:01:01 [INFO] 2025-06-25 06:01:01 - Groups Fetched Successfuly
2025/06/25 06:01:05 [INFO] 2025-06-25 06:01:05 - Recieved Request To fetch Group page
2025/06/25 06:01:05 [INFO] 2025-06-25 06:01:05 - Group With ID : 4 Fetched With Success
2025/06/25 06:01:05 [INFO] 2025-06-25 06:01:05 - Recieved Request To fetch Group page
2025/06/25 06:01:05 [INFO] 2025-06-25 06:01:05 - Group With ID : 4 Fetched With Success
2025/06/25 06:01:05 [INFO] 2025-06-25 06:01:05 - Admin requested pending invites
2025/06/25 06:01:05 [INFO] 2025-06-25 06:01:05 - Admin requested pending invites
2025/06/25 06:01:05 [LOG] 2025-06-25 06:01:05 - Get request made to GetPostsScroll Handler
2025/06/25 06:01:05 [ERROR] 2025-06-25 06:01:05 - No Posts found in GetPostsScroll Handler: 
2025/06/25 06:01:05 [LOG] 2025-06-25 06:01:05 - Get request made to GetPostsScroll Handler
2025/06/25 06:01:05 [ERROR] 2025-06-25 06:01:05 - No Posts found in GetPostsScroll Handler: 
2025/06/25 06:01:09 [INFO] 2025-06-25 06:01:09 - Received request to fetch FriendList
2025/06/25 06:01:09 [INFO] 2025-06-25 06:01:09 - Friends in group 4 fetched successfully
2025/06/25 06:01:10 [INFO] 2025-06-25 06:01:10 - Recieved Invite to group  Request
2025/06/25 06:01:10 [INFO] 2025-06-25 06:01:10 - Invite ID: 71
2025/06/25 06:01:10 [INFO] 2025-06-25 06:01:10 - User with Id : 1d9d1a62-c50d-4e08-8a96-d84b0bc615c5 Has Been Invited
2025/06/25 06:01:10 [INFO] 2025-06-25 06:01:10 - User 1d9d1a62-c50d-4e08-8a96-d84b0bc615c5 not connected, notification saved to DB
2025/06/25 06:01:16 [LOG] 2025-06-25 06:01:16 - Get request made to GetPostsScroll Handler
2025/06/25 06:01:16 [INFO] 2025-06-25 06:01:16 - Posts fetched successfully in GetPostsScroll Handler
2025/06/25 06:01:16 [LOG] 2025-06-25 06:01:16 - Get request made to GetPostsScroll Handler
2025/06/25 06:01:16 [INFO] 2025-06-25 06:01:16 - Posts fetched successfully in GetPostsScroll Handler
2025/06/25 06:02:00 [INFO] 2025-06-25 06:02:00 - Starting HTTP server at http://localhost:8080 ...
2025/06/25 06:02:00 [INFO] 2025-06-25 06:02:00 - Migrations applied successfully!
2025/06/25 06:02:03 [INFO] 2025-06-25 06:02:03 - Recieved Request To fetch Group page
2025/06/25 06:02:03 [INFO] 2025-06-25 06:02:03 - Group With ID : 4 Fetched With Success
2025/06/25 06:02:03 [INFO] 2025-06-25 06:02:03 - Recieved Request To fetch Group page
2025/06/25 06:02:03 [INFO] 2025-06-25 06:02:03 - Group With ID : 4 Fetched With Success
2025/06/25 06:02:03 [LOG] 2025-06-25 06:02:03 - Get request made to GetPostsScroll Handler
2025/06/25 06:02:03 [ERROR] 2025-06-25 06:02:03 - No Posts found in GetPostsScroll Handler: 
2025/06/25 06:02:03 [INFO] 2025-06-25 06:02:03 - Admin requested pending invites
2025/06/25 06:02:03 [INFO] 2025-06-25 06:02:03 - Admin requested pending invites
2025/06/25 06:02:03 [LOG] 2025-06-25 06:02:03 - Get request made to GetPostsScroll Handler
2025/06/25 06:02:03 [ERROR] 2025-06-25 06:02:03 - No Posts found in GetPostsScroll Handler: 
2025/06/25 06:02:13 [LOG] 2025-06-25 06:02:13 - Get request made to GetPostsScroll Handler
2025/06/25 06:02:13 [INFO] 2025-06-25 06:02:13 - Posts fetched successfully in GetPostsScroll Handler
2025/06/25 06:02:13 [LOG] 2025-06-25 06:02:13 - Get request made to GetPostsScroll Handler
2025/06/25 06:02:13 [INFO] 2025-06-25 06:02:13 - Posts fetched successfully in GetPostsScroll Handler
2025/06/25 06:02:17 [INFO] 2025-06-25 06:02:17 - Verify-token hit
2025/06/25 06:02:21 [INFO] 2025-06-25 06:02:21 - Verify-token hit
2025/06/25 06:02:24 [INFO] 2025-06-25 06:02:24 - Saving GroupMember into DB
2025/06/25 06:02:24 [INFO] 2025-06-25 06:02:24 - Notification deleted from db
2025/06/25 06:02:24 [INFO] 2025-06-25 06:02:24 - Sent notification via WS to 1a3b436a-e419-43ab-b433-90785a20fcd1
2025/06/25 06:02:28 [LOG] 2025-06-25 06:02:28 - Get request made to GetPostsScroll Handler
2025/06/25 06:02:28 [INFO] 2025-06-25 06:02:28 - Posts fetched successfully in GetPostsScroll Handler
2025/06/25 06:02:28 [LOG] 2025-06-25 06:02:28 - Get request made to GetPostsScroll Handler
2025/06/25 06:02:28 [INFO] 2025-06-25 06:02:28 - Posts fetched successfully in GetPostsScroll Handler
2025/06/25 06:02:30 [INFO] 2025-06-25 06:02:30 - Verify-token hit
2025/06/25 06:02:34 [INFO] 2025-06-25 06:02:34 - Verify-token hit
2025/06/25 06:02:55 [INFO] 2025-06-25 06:02:55 - Verify-token hit
2025/06/25 06:02:56 [INFO] 2025-06-25 06:02:56 - Verify-token hit
2025/06/25 06:02:56 [INFO] 2025-06-25 06:02:56 - Verify-token hit
2025/06/25 06:02:58 [INFO] 2025-06-25 06:02:58 - Recieved Request To fetch Group page
2025/06/25 06:02:58 [INFO] 2025-06-25 06:02:58 - Group With ID : 4 Fetched With Success
2025/06/25 06:02:58 [INFO] 2025-06-25 06:02:58 - Recieved Request To fetch Group page
2025/06/25 06:02:58 [INFO] 2025-06-25 06:02:58 - Group With ID : 4 Fetched With Success
2025/06/25 06:02:58 [INFO] 2025-06-25 06:02:58 - Admin requested pending invites
2025/06/25 06:02:58 [INFO] 2025-06-25 06:02:58 - Admin requested pending invites
2025/06/25 06:02:58 [LOG] 2025-06-25 06:02:58 - Get request made to GetPostsScroll Handler
2025/06/25 06:02:58 [ERROR] 2025-06-25 06:02:58 - No Posts found in GetPostsScroll Handler: 
2025/06/25 06:02:58 [LOG] 2025-06-25 06:02:58 - Get request made to GetPostsScroll Handler
2025/06/25 06:02:58 [ERROR] 2025-06-25 06:02:58 - No Posts found in GetPostsScroll Handler: 
2025/06/25 06:02:58 [INFO] 2025-06-25 06:02:58 - Verify-token hit
2025/06/25 06:02:58 [INFO] 2025-06-25 06:02:58 - Verify-token hit
2025/06/25 06:02:58 [INFO] 2025-06-25 06:02:58 - Verify-token hit
2025/06/25 06:03:00 [INFO] 2025-06-25 06:03:00 - Recieved Request To fetch Group page
2025/06/25 06:03:00 [INFO] 2025-06-25 06:03:00 - Group With ID : 4 Fetched With Success
2025/06/25 06:03:00 [INFO] 2025-06-25 06:03:00 - Recieved Request To fetch Group page
2025/06/25 06:03:00 [INFO] 2025-06-25 06:03:00 - Group With ID : 4 Fetched With Success
2025/06/25 06:03:00 [INFO] 2025-06-25 06:03:00 - Admin requested pending invites
2025/06/25 06:03:00 [INFO] 2025-06-25 06:03:00 - Admin requested pending invites
2025/06/25 06:03:00 [LOG] 2025-06-25 06:03:00 - Get request made to GetPostsScroll Handler
2025/06/25 06:03:00 [ERROR] 2025-06-25 06:03:00 - No Posts found in GetPostsScroll Handler: 
2025/06/25 06:03:00 [LOG] 2025-06-25 06:03:00 - Get request made to GetPostsScroll Handler
2025/06/25 06:03:00 [ERROR] 2025-06-25 06:03:00 - No Posts found in GetPostsScroll Handler: 
2025/06/25 06:03:03 [INFO] 2025-06-25 06:03:03 - Starting HTTP server at http://localhost:8080 ...
2025/06/25 06:03:03 [INFO] 2025-06-25 06:03:03 - Migrations applied successfully!
2025/06/25 06:03:05 [INFO] 2025-06-25 06:03:05 - Verify-token hit
2025/06/25 06:03:08 [INFO] 2025-06-25 06:03:08 - Verify-token hit
2025/06/25 06:03:09 [INFO] 2025-06-25 06:03:09 - Verify-token hit
2025/06/25 06:03:09 [INFO] 2025-06-25 06:03:09 - Verify-token hit
2025/06/25 06:03:10 [INFO] 2025-06-25 06:03:10 - Verify-token hit
2025/06/25 06:03:13 [INFO] 2025-06-25 06:03:13 - Verify-token hit
2025/06/25 06:03:17 [INFO] 2025-06-25 06:03:17 - Verify-token hit
2025/06/25 06:03:19 [INFO] 2025-06-25 06:03:19 - Verify-token hit
2025/06/25 06:04:28 [INFO] 2025-06-25 06:04:28 - Starting HTTP server at http://localhost:8080 ...
2025/06/25 06:04:28 [INFO] 2025-06-25 06:04:28 - Migrations applied successfully!
2025/06/25 06:04:31 [INFO] 2025-06-25 06:04:31 - Verify-token hit
2025/06/25 06:04:33 [INFO] 2025-06-25 06:04:33 - Verify-token hit
2025/06/25 06:04:40 [INFO] 2025-06-25 06:04:40 - Verify-token hit
2025/06/25 06:04:43 [INFO] 2025-06-25 06:04:43 - Verify-token hit
2025/06/25 06:04:45 [INFO] 2025-06-25 06:04:45 - Verify-token hit
2025/06/25 06:04:49 [INFO] 2025-06-25 06:04:49 - Verify-token hit
2025/06/25 06:04:54 [INFO] 2025-06-25 06:04:54 - Recieved Request for fetching groups
2025/06/25 06:04:54 [LOG] 2025-06-25 06:04:54 - Invite Request Group to join fetched successfully
2025/06/25 06:04:54 [INFO] 2025-06-25 06:04:54 - Groups Fetched Successfuly
2025/06/25 06:04:54 [INFO] 2025-06-25 06:04:54 - Recieved Request for fetching groups
2025/06/25 06:04:54 [LOG] 2025-06-25 06:04:54 - Invite Request Group to join fetched successfully
2025/06/25 06:04:54 [INFO] 2025-06-25 06:04:54 - Groups Fetched Successfuly
2025/06/25 06:05:14 [INFO] 2025-06-25 06:05:14 - Verify-token hit
2025/06/25 06:05:14 [INFO] 2025-06-25 06:05:14 - =========== GetOtherUserProfile called ===========
2025/06/25 06:05:14 [INFO] 2025-06-25 06:05:14 - Authenticated user ID: 1d9d1a62-c50d-4e08-8a96-d84b0bc615c5
2025/06/25 06:05:14 [INFO] 2025-06-25 06:05:14 - Requested profile for user ID: 1d9d1a62-c50d-4e08-8a96-d84b0bc615c5
2025/06/25 06:05:14 [INFO] 2025-06-25 06:05:14 - User is viewing their own profile
2025/06/25 06:05:14 [INFO] 2025-06-25 06:05:14 - Profile returned successfully
2025/06/25 06:05:14 [INFO] 2025-06-25 06:05:14 - =========== GetOtherUserProfile called ===========
2025/06/25 06:05:14 [INFO] 2025-06-25 06:05:14 - Authenticated user ID: 1d9d1a62-c50d-4e08-8a96-d84b0bc615c5
2025/06/25 06:05:14 [INFO] 2025-06-25 06:05:14 - Requested profile for user ID: 1d9d1a62-c50d-4e08-8a96-d84b0bc615c5
2025/06/25 06:05:14 [INFO] 2025-06-25 06:05:14 - User is viewing their own profile
2025/06/25 06:05:14 [INFO] 2025-06-25 06:05:14 - Profile returned successfully
2025/06/25 06:05:14 [LOG] 2025-06-25 06:05:14 - Get request made to GetPostsScroll Handler
2025/06/25 06:05:14 [ERROR] 2025-06-25 06:05:14 - No Posts found in GetPostsScroll Handler: 
2025/06/25 06:05:14 [LOG] 2025-06-25 06:05:14 - Get request made to GetPostsScroll Handler
2025/06/25 06:05:14 [ERROR] 2025-06-25 06:05:14 - No Posts found in GetPostsScroll Handler: 
2025/06/25 06:05:18 [INFO] 2025-06-25 06:05:18 - Verify-token hit
2025/06/25 06:05:22 [INFO] 2025-06-25 06:05:22 - Sent notification via WS to 1a3b436a-e419-43ab-b433-90785a20fcd1
2025/06/25 06:05:25 [INFO] 2025-06-25 06:05:25 - Notification deleted from db
2025/06/25 06:05:25 [INFO] 2025-06-25 06:05:25 - Sent notification via WS to 1d9d1a62-c50d-4e08-8a96-d84b0bc615c5
2025/06/25 06:05:29 [INFO] 2025-06-25 06:05:29 - Verify-token hit
2025/06/25 06:05:29 [INFO] 2025-06-25 06:05:29 - =========== GetOtherUserProfile called ===========
2025/06/25 06:05:29 [INFO] 2025-06-25 06:05:29 - Authenticated user ID: 1d9d1a62-c50d-4e08-8a96-d84b0bc615c5
2025/06/25 06:05:29 [INFO] 2025-06-25 06:05:29 - Requested profile for user ID: 1d9d1a62-c50d-4e08-8a96-d84b0bc615c5
2025/06/25 06:05:29 [INFO] 2025-06-25 06:05:29 - User is viewing their own profile
2025/06/25 06:05:29 [INFO] 2025-06-25 06:05:29 - Profile returned successfully
2025/06/25 06:05:29 [INFO] 2025-06-25 06:05:29 - =========== GetOtherUserProfile called ===========
2025/06/25 06:05:29 [INFO] 2025-06-25 06:05:29 - Authenticated user ID: 1d9d1a62-c50d-4e08-8a96-d84b0bc615c5
2025/06/25 06:05:29 [INFO] 2025-06-25 06:05:29 - Requested profile for user ID: 1d9d1a62-c50d-4e08-8a96-d84b0bc615c5
2025/06/25 06:05:29 [INFO] 2025-06-25 06:05:29 - User is viewing their own profile
2025/06/25 06:05:29 [INFO] 2025-06-25 06:05:29 - Profile returned successfully
2025/06/25 06:05:29 [LOG] 2025-06-25 06:05:29 - Get request made to GetPostsScroll Handler
2025/06/25 06:05:29 [ERROR] 2025-06-25 06:05:29 - No Posts found in GetPostsScroll Handler: 
2025/06/25 06:05:29 [LOG] 2025-06-25 06:05:29 - Get request made to GetPostsScroll Handler
2025/06/25 06:05:29 [ERROR] 2025-06-25 06:05:29 - No Posts found in GetPostsScroll Handler: 
2025/06/25 06:05:31 [INFO] 2025-06-25 06:05:31 - Verify-token hit
2025/06/25 06:06:44 [INFO] 2025-06-25 06:06:44 - Verify-token hit
2025/06/25 06:07:19 [INFO] 2025-06-25 06:07:19 - Verify-token hit
2025/06/25 06:07:19 [INFO] 2025-06-25 06:07:19 - Verify-token hit
2025/06/25 06:07:20 [INFO] 2025-06-25 06:07:20 - Verify-token hit
2025/06/25 06:07:22 [INFO] 2025-06-25 06:07:22 - Recieved Request To fetch Group page
2025/06/25 06:07:22 [INFO] 2025-06-25 06:07:22 - Group With ID : 4 Fetched With Success
2025/06/25 06:07:22 [INFO] 2025-06-25 06:07:22 - Recieved Request To fetch Group page
2025/06/25 06:07:22 [INFO] 2025-06-25 06:07:22 - Group With ID : 4 Fetched With Success
2025/06/25 06:07:22 [INFO] 2025-06-25 06:07:22 - Admin requested pending invites
2025/06/25 06:07:22 [INFO] 2025-06-25 06:07:22 - =========== GetOtherUserProfile called ===========
2025/06/25 06:07:22 [INFO] 2025-06-25 06:07:22 - Authenticated user ID: 1d9d1a62-c50d-4e08-8a96-d84b0bc615c5
2025/06/25 06:07:22 [INFO] 2025-06-25 06:07:22 - Requested profile for user ID: 1d9d1a62-c50d-4e08-8a96-d84b0bc615c5
2025/06/25 06:07:22 [INFO] 2025-06-25 06:07:22 - User is viewing their own profile
2025/06/25 06:07:22 [INFO] 2025-06-25 06:07:22 - Profile returned successfully
2025/06/25 06:07:22 [INFO] 2025-06-25 06:07:22 - Admin requested pending invites
2025/06/25 06:07:22 [LOG] 2025-06-25 06:07:22 - Get request made to GetPostsScroll Handler
2025/06/25 06:07:22 [ERROR] 2025-06-25 06:07:22 - No Posts found in GetPostsScroll Handler: 
2025/06/25 06:07:22 [LOG] 2025-06-25 06:07:22 - Get request made to GetPostsScroll Handler
2025/06/25 06:07:22 [ERROR] 2025-06-25 06:07:22 - No Posts found in GetPostsScroll Handler: 
2025/06/25 06:07:22 [INFO] 2025-06-25 06:07:22 - =========== GetOtherUserProfile called ===========
2025/06/25 06:07:22 [INFO] 2025-06-25 06:07:22 - Authenticated user ID: 1d9d1a62-c50d-4e08-8a96-d84b0bc615c5
2025/06/25 06:07:22 [INFO] 2025-06-25 06:07:22 - Requested profile for user ID: 1d9d1a62-c50d-4e08-8a96-d84b0bc615c5
2025/06/25 06:07:22 [INFO] 2025-06-25 06:07:22 - User is viewing their own profile
2025/06/25 06:07:22 [INFO] 2025-06-25 06:07:22 - Profile returned successfully
2025/06/25 06:07:22 [LOG] 2025-06-25 06:07:22 - Get request made to GetPostsScroll Handler
2025/06/25 06:07:22 [ERROR] 2025-06-25 06:07:22 - No Posts found in GetPostsScroll Handler: 
2025/06/25 06:07:22 [LOG] 2025-06-25 06:07:22 - Get request made to GetPostsScroll Handler
2025/06/25 06:07:22 [ERROR] 2025-06-25 06:07:22 - No Posts found in GetPostsScroll Handler: 
2025/06/25 06:07:23 [INFO] 2025-06-25 06:07:23 - Verify-token hit
2025/06/25 06:07:23 [INFO] 2025-06-25 06:07:23 - Verify-token hit
2025/06/25 06:07:23 [INFO] 2025-06-25 06:07:23 - Verify-token hit
2025/06/25 06:07:25 [INFO] 2025-06-25 06:07:25 - Recieved Request To fetch Group page
2025/06/25 06:07:25 [INFO] 2025-06-25 06:07:25 - Group With ID : 4 Fetched With Success
2025/06/25 06:07:25 [INFO] 2025-06-25 06:07:25 - Recieved Request To fetch Group page
2025/06/25 06:07:25 [INFO] 2025-06-25 06:07:25 - Group With ID : 4 Fetched With Success
2025/06/25 06:07:25 [INFO] 2025-06-25 06:07:25 - =========== GetOtherUserProfile called ===========
2025/06/25 06:07:25 [INFO] 2025-06-25 06:07:25 - Authenticated user ID: 1d9d1a62-c50d-4e08-8a96-d84b0bc615c5
2025/06/25 06:07:25 [INFO] 2025-06-25 06:07:25 - Requested profile for user ID: 1d9d1a62-c50d-4e08-8a96-d84b0bc615c5
2025/06/25 06:07:25 [INFO] 2025-06-25 06:07:25 - User is viewing their own profile
2025/06/25 06:07:25 [INFO] 2025-06-25 06:07:25 - Profile returned successfully
2025/06/25 06:07:25 [INFO] 2025-06-25 06:07:25 - Admin requested pending invites
2025/06/25 06:07:25 [INFO] 2025-06-25 06:07:25 - Admin requested pending invites
2025/06/25 06:07:25 [LOG] 2025-06-25 06:07:25 - Get request made to GetPostsScroll Handler
2025/06/25 06:07:25 [ERROR] 2025-06-25 06:07:25 - No Posts found in GetPostsScroll Handler: 
2025/06/25 06:07:25 [LOG] 2025-06-25 06:07:25 - Get request made to GetPostsScroll Handler
2025/06/25 06:07:25 [ERROR] 2025-06-25 06:07:25 - No Posts found in GetPostsScroll Handler: 
2025/06/25 06:07:25 [INFO] 2025-06-25 06:07:25 - =========== GetOtherUserProfile called ===========
2025/06/25 06:07:25 [INFO] 2025-06-25 06:07:25 - Authenticated user ID: 1d9d1a62-c50d-4e08-8a96-d84b0bc615c5
2025/06/25 06:07:25 [INFO] 2025-06-25 06:07:25 - Requested profile for user ID: 1d9d1a62-c50d-4e08-8a96-d84b0bc615c5
2025/06/25 06:07:25 [INFO] 2025-06-25 06:07:25 - User is viewing their own profile
2025/06/25 06:07:25 [INFO] 2025-06-25 06:07:25 - Profile returned successfully
2025/06/25 06:07:25 [LOG] 2025-06-25 06:07:25 - Get request made to GetPostsScroll Handler
2025/06/25 06:07:25 [ERROR] 2025-06-25 06:07:25 - No Posts found in GetPostsScroll Handler: 
2025/06/25 06:07:26 [LOG] 2025-06-25 06:07:26 - Get request made to GetPostsScroll Handler
2025/06/25 06:07:26 [ERROR] 2025-06-25 06:07:26 - No Posts found in GetPostsScroll Handler: 
2025/06/25 06:07:38 [INFO] 2025-06-25 06:07:38 - Starting HTTP server at http://localhost:8080 ...
2025/06/25 06:07:38 [INFO] 2025-06-25 06:07:38 - Migrations applied successfully!
